timestamp,PPG_signal,GSR_signal
1,2.449,2.517
2,2.454,2.517
3,2.429,2.517
4,2.410,2.522
5,2.390,2.522
6,2.380,2.522
7,2.370,2.522
8,2.361,2.522
9,2.400,2.522
10,2.556,2.522
11,2.752,2.527
12,2.879,2.527
13,2.898,2.527
14,2.830,2.527
15,2.722,2.527
16,2.620,2.527
17,2.542,2.532
18,2.483,2.532
19,2.468,2.532
20,2.483,2.532
21,2.512,2.532
22,2.517,2.532
23,2.507,2.532
24,2.478,2.537
25,2.449,2.537
26,2.414,2.537
27,2.380,2.537
28,2.361,2.537
29,2.356,2.537
30,2.356,2.542
31,2.361,2.542
32,2.356,2.542
33,2.385,2.542
34,2.512,2.542
35,2.727,2.542
36,2.893,2.542
37,2.947,2.542
38,2.669,2.546
39,2.576,2.546
40,2.517,2.546
41,2.502,2.546
42,2.517,2.546
43,2.556,2.546
44,2.571,2.551
45,2.571,2.551
46,2.546,2.551
47,2.507,2.551
48,2.468,2.551
49,2.434,2.551
50,2.419,2.551
51,2.405,2.556
52,2.390,2.556
53,2.380,2.556
54,2.395,2.556
55,2.498,2.556
56,2.708,2.556
57,2.898,2.556
58,2.991,2.556
59,2.972,2.556
60,2.869,2.561
61,2.766,2.561
62,2.669,2.561
63,2.590,2.561
64,2.546,2.561
65,2.546,2.561
66,2.561,2.561
67,2.576,2.561
68,2.576,2.561
69,2.546,2.561
70,2.522,2.561
71,2.478,2.566
72,2.444,2.566
73,2.419,2.566
74,2.400,2.566
75,2.385,2.566
76,2.375,2.566
77,2.366,2.566
78,2.361,2.566
79,2.380,2.566
80,2.537,2.566
81,2.810,2.566
82,3.011,2.566
83,3.084,2.566
84,3.021,2.571
85,2.898,2.571
86,2.771,2.571
87,2.669,2.571
88,2.586,2.571
89,2.551,2.571
90,2.556,2.571
91,2.576,2.571
92,2.595,2.571
93,2.586,2.571
94,2.561,2.571
95,2.517,2.571
96,2.473,2.571
97,2.434,2.571
98,2.405,2.571
99,2.390,2.571
100,2.375,2.571
101,2.375,2.571
102,2.370,2.571
103,2.370,2.571
104,2.414,2.571
105,2.595,2.571
106,2.859,2.571
107,3.055,2.571
108,3.104,2.571
109,3.030,2.571
110,2.893,2.571
111,2.757,2.571
112,2.644,2.571
113,2.571,2.571
114,2.546,2.571
115,2.561,2.571
116,2.581,2.571
117,2.590,2.566
118,2.576,2.566
119,2.542,2.566
120,2.498,2.566
121,2.454,2.566
122,2.414,2.566
123,2.385,2.566
124,2.375,2.566
125,2.370,2.566
126,2.356,2.566
127,2.356,2.561
128,2.405,2.561
129,2.586,2.561
130,2.854,2.561
131,3.050,2.561
132,3.104,2.561
133,3.021,2.561
134,2.879,2.561
135,2.752,2.561
136,2.634,2.561
137,2.546,2.556
138,2.512,2.556
139,2.542,2.556
140,2.610,2.556
141,2.713,2.556
142,2.796,2.556
143,2.835,2.556
144,2.835,2.556
145,2.776,2.556
146,2.703,2.551
147,2.625,2.551
148,2.551,2.551
149,2.473,2.551
150,2.410,2.551
151,2.366,2.551
152,2.366,2.551
153,2.478,2.551
154,2.747,2.551
155,3.050,2.551
156,3.231,2.551
157,3.226,2.551
158,3.094,2.551
159,2.913,2.551
160,2.752,2.551
161,2.630,2.556
162,2.546,2.556
163,2.498,2.556
164,2.488,2.556
165,2.507,2.556
166,2.517,2.556
167,2.493,2.556
168,2.444,2.556
169,2.390,2.556
170,2.341,2.556
171,2.297,2.556
172,2.248,2.556
173,2.209,2.556
174,2.195,2.556
175,2.185,2.556
176,2.199,2.561
177,2.209,2.561
178,2.263,2.561
179,2.458,2.561
180,2.835,2.561
181,3.196,2.561
182,3.358,2.561
183,3.265,2.561
184,3.035,2.561
185,2.776,2.561
186,2.551,2.561
187,2.380,2.566
188,2.287,2.566
189,2.292,2.566
190,2.351,2.566
191,2.419,2.566
192,2.454,2.566
193,2.444,2.566
194,2.405,2.566
195,2.351,2.566
196,2.307,2.571
197,2.268,2.571
198,2.243,2.571
199,2.229,2.571
200,2.224,2.571
201,2.229,2.571
202,2.243,2.571
203,2.317,2.571
204,2.537,2.576
205,2.825,2.576
206,3.021,2.576
207,3.040,2.576
208,2.918,2.576
209,2.752,2.576
210,2.590,2.576
211,2.449,2.581
212,2.390,2.581
213,2.400,2.581
214,2.449,2.581
215,2.502,2.581
216,2.512,2.581
217,2.473,2.581
218,2.419,2.581
219,2.370,2.581
220,2.322,2.581
221,2.292,2.586
222,2.273,2.586
223,2.258,2.586
224,2.243,2.586
225,2.263,2.586
226,2.424,2.586
227,2.708,2.586
228,2.972,2.586
229,3.074,2.586
230,3.021,2.586
231,2.859,2.590
232,2.698,2.590
233,2.551,2.590
234,2.434,2.590
235,2.375,2.590
236,2.380,2.590
237,2.419,2.590
238,2.458,2.590
239,2.478,2.595
240,2.463,2.595
241,2.405,2.595
242,2.341,2.595
243,2.283,2.595
244,2.258,2.595
245,2.253,2.595
246,2.253,2.595
247,2.253,2.595
248,2.248,2.595
249,2.307,2.595
250,2.537,2.595
251,2.879,2.600
252,3.133,2.600
253,3.182,2.600
254,3.055,2.600
255,2.859,2.600
256,2.678,2.600
257,2.537,2.600
258,2.429,2.600
259,2.390,2.600
260,2.414,2.600
261,2.454,2.600
262,2.478,2.600
263,2.473,2.600
264,2.439,2.600
265,2.390,2.600
266,2.346,2.600
267,2.297,2.600
268,2.283,2.600
269,2.273,2.600
270,2.268,2.600
271,2.263,2.600
272,2.258,2.600
273,2.346,2.600
274,2.664,2.600
275,3.001,2.600
276,3.182,2.600
277,3.162,2.595
278,3.006,2.595
279,2.820,2.595
280,2.659,2.595
281,2.542,2.595
282,2.468,2.595
283,2.463,2.595
284,2.498,2.595
285,2.537,2.595
286,2.546,2.590
287,2.527,2.590
288,2.483,2.590
289,2.429,2.590
290,2.375,2.590
291,2.302,2.590
292,2.302,2.590
293,2.297,2.590
294,2.287,2.586
295,2.331,2.586
296,2.542,2.586
297,2.874,2.586
298,3.133,2.586
299,3.192,2.586
300,3.079,2.586
301,2.893,2.581
302,2.722,2.581
303,2.590,2.581
304,2.473,2.581
305,2.449,2.581
306,2.473,2.581
307,2.512,2.581
308,2.532,2.581
309,2.527,2.576
310,2.483,2.576
311,2.410,2.576
312,2.356,2.576
313,2.312,2.576
314,2.278,2.576
315,2.278,2.576
316,2.273,2.576
317,2.258,2.576
318,2.292,2.571
319,2.502,2.571
320,2.898,2.571
321,3.216,2.571
322,3.314,2.571
323,3.206,2.571
324,2.991,2.571
325,2.786,2.571
326,2.615,2.571
327,2.493,2.571
328,2.439,2.571
329,2.458,2.571
330,2.493,2.571
331,2.527,2.571
332,2.527,2.571
333,2.478,2.571
334,2.424,2.571
335,2.370,2.571
336,2.322,2.571
337,2.283,2.571
338,2.258,2.571
339,2.253,2.571
340,2.248,2.571
341,2.248,2.571
342,2.361,2.571
343,2.683,2.571
344,3.069,2.571
345,3.294,2.571
346,3.280,2.571
347,3.099,2.571
348,2.869,2.571
349,2.683,2.571
350,2.537,2.571
351,2.449,2.571
352,2.439,2.576
353,2.454,2.576
354,2.527,2.576
355,2.566,2.576
356,2.551,2.576
357,2.488,2.576
358,2.414,2.576
359,2.356,2.576
360,2.322,2.576
361,2.302,2.576
362,2.287,2.576
363,2.278,2.576
364,2.273,2.576
365,2.307,2.576
366,2.522,2.576
367,2.884,2.576
368,3.187,2.576
369,3.275,2.576
370,3.172,2.576
371,2.981,2.576
372,2.776,2.576
373,2.605,2.576
374,2.463,2.576
375,2.410,2.576
376,2.439,2.576
377,2.493,2.576
378,2.522,2.576
379,2.517,2.576
380,2.473,2.576
381,2.414,2.576
382,2.341,2.576
383,2.287,2.576
384,2.253,2.571
385,2.239,2.571
386,2.224,2.571
387,2.204,2.571
388,2.190,2.571
389,2.209,2.571
390,2.356,2.571
391,2.732,2.571
392,3.148,2.571
393,3.372,2.571
394,3.338,2.571
395,3.128,2.571
396,2.898,2.566
397,2.698,2.566
398,2.542,2.566
399,2.449,2.566
400,2.439,2.566
401,2.488,2.566
402,2.537,2.566
403,2.546,2.566
404,2.512,2.566
405,2.449,2.566
406,2.375,2.566
407,2.312,2.566
408,2.258,2.566
409,2.229,2.566
410,2.219,2.566
411,2.214,2.566
412,2.209,2.566
413,2.214,2.566
414,2.356,2.566
415,2.717,2.566
416,3.113,2.566
417,3.309,2.566
418,3.236,2.566
419,3.021,2.566
420,2.786,2.566
421,2.595,2.566
422,2.454,2.566
423,2.390,2.566
424,2.414,2.566
425,2.473,2.566
426,2.517,2.566
427,2.527,2.571
428,2.498,2.571
429,2.429,2.571
430,2.366,2.571
431,2.312,2.571
432,2.283,2.571
433,2.278,2.571
434,2.273,2.571
435,2.258,2.576
436,2.263,2.576
437,2.395,2.576
438,2.737,2.576
439,3.113,2.576
440,3.304,2.576
441,3.270,2.581
442,3.074,2.581
443,2.845,2.581
444,2.634,2.581
445,2.454,2.581
446,2.361,2.581
447,2.375,2.581
448,2.439,2.586
449,2.493,2.586
450,2.512,2.586
451,2.473,2.586
452,2.405,2.586
453,2.331,2.586
454,2.268,2.590
455,2.234,2.590
456,2.224,2.590
457,2.219,2.590
458,2.214,2.590
459,2.214,2.590
460,2.263,2.595
461,2.517,2.595
462,2.942,2.595
463,3.289,2.595
464,3.402,2.595
465,3.270,2.600
466,3.025,2.600
467,2.781,2.600
468,2.586,2.600
469,2.449,2.600
470,2.400,2.600
471,2.424,2.600
472,2.478,2.605
473,2.517,2.605
474,2.517,2.605
475,2.468,2.605
476,2.395,2.605
477,2.322,2.605
478,2.268,2.605
479,2.224,2.605
480,2.199,2.605
481,2.195,2.605
482,2.199,2.605
483,2.204,2.610
484,2.214,2.610
485,2.317,2.610
486,2.659,2.610
487,3.113,2.610
488,3.402,2.610
489,3.407,2.610
490,3.201,2.610
491,2.928,2.610
492,2.688,2.615
493,2.517,2.615
494,2.419,2.615
495,2.410,2.615
496,2.454,2.615
497,2.502,2.615
498,2.522,2.615
499,2.498,2.615
500,2.434,2.615
501,2.366,2.615
502,2.302,2.615
503,2.258,2.615
504,2.224,2.615
505,2.209,2.620
506,2.209,2.620
507,2.209,2.620
508,2.209,2.620
509,2.224,2.620
510,2.385,2.620
511,2.791,2.620
512,3.206,2.620
513,3.392,2.620
514,3.319,2.620
515,3.030,2.620
516,2.766,2.620
517,2.571,2.620
518,2.429,2.620
519,2.366,2.620
520,2.375,2.625
521,2.429,2.625
522,2.473,2.625
523,2.478,2.625
524,2.439,2.625
525,2.370,2.625
526,2.307,2.625
527,2.263,2.625
528,2.229,2.625
529,2.219,2.625
530,2.214,2.625
531,2.209,2.625
532,2.195,2.625
533,2.199,2.630
534,2.204,2.630
535,2.405,2.630
536,2.849,2.630
537,3.236,2.630
538,3.372,2.630
539,3.250,2.630
540,2.996,2.630
541,2.737,2.630
542,2.532,2.630
543,2.380,2.634
544,2.346,2.634
545,2.390,2.634
546,2.468,2.634
547,2.532,2.634
548,2.542,2.634
549,2.493,2.634
550,2.405,2.634
551,2.341,2.634
552,2.287,2.634
553,2.224,2.634
554,2.190,2.634
555,2.185,2.639
556,2.195,2.639
557,2.214,2.639
558,2.341,2.639
559,2.698,2.639
560,3.094,2.639
561,3.348,2.639
562,3.328,2.639
563,3.109,2.639
564,2.825,2.639
565,2.600,2.639
566,2.434,2.639
567,2.336,2.639
568,2.331,2.639
569,2.375,2.639
570,2.424,2.639
571,2.434,2.639
572,2.414,2.639
573,2.395,2.639
574,2.351,2.639
575,2.278,2.639
576,2.224,2.644
577,2.195,2.644
578,2.165,2.644
579,2.185,2.644
580,2.199,2.644
581,2.199,2.644
582,2.273,2.644
583,2.615,2.644
584,3.113,2.644
585,3.431,2.644
586,3.407,2.644
587,3.172,2.644
588,2.893,2.644
589,2.659,2.644
590,2.478,2.644
591,2.370,2.644
592,2.361,2.644
593,2.424,2.644
594,2.493,2.644
595,2.527,2.644
596,2.502,2.644
597,2.439,2.644
598,2.356,2.644
599,2.287,2.644
600,2.219,2.644
601,2.204,2.644
602,2.204,2.644
603,2.195,2.649
604,2.190,2.649
605,2.307,2.649
606,2.678,2.649
607,3.148,2.649
608,3.426,2.649
609,3.402,2.649
610,3.196,2.649
611,2.928,2.649
612,2.703,2.649
613,2.517,2.649
614,2.400,2.649
615,2.380,2.649
616,2.429,2.649
617,2.488,2.649
618,2.512,2.649
619,2.483,2.649
620,2.424,2.649
621,2.356,2.649
622,2.287,2.649
623,2.234,2.649
624,2.199,2.649
625,2.175,2.649
626,2.175,2.649
627,2.219,2.649
628,2.473,2.654
629,2.923,2.654
630,3.319,2.654
631,3.456,2.654
632,3.324,2.654
633,3.055,2.654
634,2.791,2.654
635,2.556,2.654
636,2.410,2.654
637,2.361,2.654
638,2.385,2.654
639,2.444,2.654
640,2.483,2.654
641,2.478,2.654
642,2.429,2.654
643,2.366,2.654
644,2.297,2.654
645,2.243,2.654
646,2.209,2.654
647,2.195,2.654
648,2.180,2.659
649,2.170,2.654
650,2.258,2.659
651,2.615,2.659
652,3.094,2.659
653,3.407,2.659
654,3.407,2.659
655,3.187,2.659
656,2.898,2.659
657,2.659,2.659
658,2.473,2.659
659,2.370,2.659
660,2.375,2.659
661,2.439,2.659
662,2.502,2.659
663,2.522,2.659
664,2.483,2.664
665,2.390,2.664
666,2.317,2.664
667,2.263,2.664
668,2.224,2.664
669,2.219,2.664
670,2.199,2.664
671,2.199,2.664
672,2.312,2.664
673,2.683,2.664
674,3.152,2.664
675,3.421,2.664
676,3.402,2.664
677,3.162,2.664
678,2.879,2.664
679,2.639,2.664
680,2.449,2.664
681,2.341,2.669
682,2.331,2.669
683,2.385,2.664
684,2.449,2.669
685,2.478,2.669
686,2.444,2.669
687,2.375,2.669
688,2.297,2.669
689,2.229,2.669
690,2.190,2.669
691,2.165,2.669
692,2.155,2.669
693,2.151,2.669
694,2.146,2.669
695,2.180,2.669
696,2.463,2.669
697,2.986,2.669
698,3.426,2.669
699,3.563,2.669
700,3.402,2.669
701,3.094,2.669
702,2.810,2.669
703,2.600,2.669
704,2.444,2.669
705,2.370,2.669
706,2.390,2.674
707,2.439,2.674
708,2.478,2.674
709,2.478,2.674
710,2.410,2.674
711,2.317,2.674
712,2.234,2.674
713,2.170,2.674
714,2.136,2.674
715,2.116,2.674
716,2.121,2.674
717,2.126,2.674
718,2.131,2.674
719,2.151,2.674
720,2.317,2.674
721,2.771,2.674
722,3.275,2.674
723,3.514,2.674
724,3.426,2.674
725,3.074,2.674
726,2.786,2.674
727,2.571,2.674
728,2.410,2.678
729,2.341,2.678
730,2.361,2.674
731,2.434,2.674
732,2.488,2.678
733,2.493,2.678
734,2.449,2.678
735,2.366,2.674
736,2.278,2.674
737,2.224,2.674
738,2.199,2.674
739,2.195,2.674
740,2.199,2.674
741,2.185,2.674
742,2.199,2.674
743,2.410,2.674
744,2.879,2.674
745,3.314,2.674
746,3.460,2.674
747,3.309,2.674
748,3.016,2.674
749,2.732,2.674
750,2.517,2.669
751,2.351,2.669
752,2.292,2.669
753,2.331,2.669
754,2.405,2.669
755,2.458,2.669
756,2.454,2.669
757,2.400,2.669
758,2.317,2.664
759,2.229,2.664
760,2.165,2.664
761,2.136,2.664
762,2.116,2.664
763,2.121,2.664
764,2.126,2.659
765,2.121,2.659
766,2.195,2.659
767,2.542,2.659
768,3.089,2.659
769,3.475,2.659
770,3.534,2.659
771,3.309,2.659
772,2.996,2.659
773,2.722,2.654
774,2.527,2.654
775,2.390,2.654
776,2.346,2.654
777,2.370,2.654
778,2.429,2.654
779,2.463,2.654
780,2.454,2.654
781,2.400,2.654
782,2.322,2.649
783,2.239,2.649
784,2.175,2.649
785,2.136,2.649
786,2.121,2.649
787,2.126,2.649
788,2.136,2.649
789,2.151,2.649
790,2.141,2.649
791,2.263,2.649
792,2.683,2.649
793,3.216,2.649
794,3.563,2.649
795,3.529,2.649
796,3.245,2.649
797,2.898,2.649
798,2.639,2.649
799,2.449,2.649
800,2.351,2.649
801,2.346,2.649
802,2.400,2.649
803,2.463,2.649
804,2.478,2.649
805,2.439,2.649
806,2.366,2.649
807,2.283,2.649
808,2.204,2.649
809,2.160,2.649
810,2.151,2.649
811,2.146,2.649
812,2.151,2.649
813,2.146,2.649
814,2.136,2.649
815,2.155,2.649
816,2.468,2.649
817,3.025,2.649
818,3.465,2.649
819,3.568,2.649
820,3.368,2.649
821,3.030,2.649
822,2.727,2.649
823,2.522,2.649
824,2.380,2.649
825,2.351,2.649
826,2.410,2.649
827,2.498,2.649
828,2.542,2.649
829,2.522,2.649
830,2.449,2.654
831,2.356,2.654
832,2.263,2.654
833,2.199,2.654
834,2.160,2.654
835,2.141,2.654
836,2.146,2.654
837,2.146,2.654
838,2.141,2.654
839,2.209,2.654
840,2.556,2.654
841,3.104,2.654
842,3.504,2.654
843,3.563,2.654
844,3.348,2.654
845,3.011,2.654
846,2.678,2.654
847,2.449,2.654
848,2.302,2.654
849,2.273,2.654
850,2.326,2.654
851,2.414,2.654
852,2.463,2.654
853,2.449,2.659
854,2.380,2.659
855,2.283,2.654
856,2.209,2.659
857,2.155,2.659
858,2.116,2.659
859,2.082,2.659
860,2.107,2.659
861,2.131,2.659
862,2.131,2.659
863,2.121,2.659
864,2.195,2.659
865,2.610,2.659
866,3.206,2.659
867,3.612,2.659
868,3.622,2.659
869,3.358,2.659
870,3.001,2.659
871,2.698,2.659
872,2.473,2.659
873,2.322,2.659
874,2.307,2.659
875,2.366,2.659
876,2.454,2.659
877,2.478,2.659
878,2.458,2.659
879,2.395,2.659
880,2.302,2.659
881,2.209,2.659
882,2.121,2.664
883,2.121,2.664
884,2.121,2.664
885,2.116,2.664
886,2.102,2.664
887,2.111,2.664
888,2.102,2.664
889,2.121,2.664
890,2.361,2.664
891,2.933,2.664
892,3.470,2.664
893,3.666,2.664
894,3.500,2.605
895,3.157,2.600
896,2.791,2.615
897,2.522,2.625
898,2.361,2.634
899,2.297,2.639
900,2.331,2.649
901,2.434,2.620
902,2.507,2.571
903,2.517,2.542
904,2.512,2.522
905,2.395,2.507
906,2.268,2.502
907,2.180,2.498
908,2.141,2.512
909,2.131,2.512
910,2.121,2.502
911,2.121,2.493
912,2.116,2.493
913,2.126,2.488
914,2.346,2.488
915,2.869,2.483
916,3.377,2.483
917,3.592,2.483
918,3.470,2.483
919,3.113,2.483
920,2.766,2.483
921,2.253,2.483
922,2.326,2.483
923,2.419,2.483
924,2.493,2.483
925,2.444,2.483
926,2.346,2.488
927,2.253,2.488
928,2.199,2.488
929,2.146,2.488
930,2.097,2.488
931,2.077,2.488
932,2.087,2.488
933,2.116,2.488
934,2.107,2.488
935,2.116,2.488
936,2.410,2.493
937,3.035,2.493
938,3.553,2.493
939,3.705,2.493
940,3.509,2.493
941,3.143,2.493
942,2.801,2.522
943,2.532,2.556
944,2.346,2.581
945,2.273,2.600
946,2.317,2.620
947,2.405,2.630
948,2.478,2.639
949,2.478,2.644
950,2.424,2.654
951,2.326,2.659
952,2.229,2.659
953,2.160,2.664
954,2.116,2.664
955,2.097,2.664
956,2.097,2.669
957,2.097,2.669
958,2.097,2.669
959,2.092,2.669
960,2.199,2.669
961,2.620,2.669
962,3.236,2.674
963,3.685,2.674
964,3.646,2.674
965,3.319,2.674
966,2.903,2.674
967,2.620,2.674
968,2.424,2.674
969,2.317,2.674
970,2.322,2.674
971,2.395,2.674
972,2.478,2.674
973,2.498,2.674
974,2.478,2.674
975,2.405,2.674
976,2.302,2.674
977,2.199,2.674
978,2.131,2.674
979,2.116,2.674
980,2.116,2.674
981,2.121,2.674
982,2.111,2.674
983,2.126,2.674
984,2.317,2.674
985,2.840,2.674
986,3.382,2.674
987,3.636,2.674
988,3.524,2.674
989,3.182,2.674
990,2.820,2.674
991,2.546,2.674
992,2.341,2.674
993,2.253,2.674
994,2.292,2.674
995,2.395,2.674
996,2.478,2.674
997,2.488,2.674
998,2.434,2.674
999,2.341,2.674
1000,2.248,2.674
1001,2.180,2.674
1002,2.136,2.674
1003,2.116,2.674
1004,2.121,2.669
1005,2.126,2.669
1006,2.131,2.669
1007,2.273,2.669
1008,2.742,2.669
1009,3.319,2.669
1010,3.622,2.669
1011,3.558,2.669
1012,3.245,2.669
1013,2.898,2.669
1014,2.610,2.669
1015,2.400,2.669
1016,2.292,2.669
1017,2.317,2.669
1018,2.405,2.669
1019,2.498,2.669
1020,2.522,2.669
1021,2.473,2.669
1022,2.385,2.669
1023,2.287,2.669
1024,2.209,2.669
1025,2.160,2.669
1026,2.136,2.669
1027,2.126,2.669
1028,2.116,2.669
1029,2.121,2.669
1030,2.307,2.669
1031,2.830,2.669
1032,3.407,2.669
1033,3.680,2.669
1034,3.583,2.669
1035,3.255,2.669
1036,2.903,2.669
1037,2.634,2.669
1038,2.429,2.669
1039,2.317,2.669
1040,2.322,2.669
1041,2.395,2.669
1042,2.473,2.669
1043,2.502,2.669
1044,2.458,2.669
1045,2.370,2.669
1046,2.273,2.669
1047,2.107,2.669
1048,2.111,2.669
1049,2.116,2.669
1050,2.111,2.669
1051,2.126,2.669
1052,2.351,2.669
1053,2.913,2.669
1054,3.563,2.669
1055,3.754,2.669
1056,3.563,2.669
1057,3.187,2.669
1058,2.840,2.669
1059,2.586,2.669
1060,2.400,2.669
1061,2.322,2.674
1062,2.331,2.674
1063,2.400,2.674
1064,2.458,2.674
1065,2.449,2.674
1066,2.410,2.674
1067,2.336,2.674
1068,2.248,2.674
1069,2.170,2.674
1070,2.116,2.674
1071,2.097,2.674
1072,2.102,2.674
1073,2.111,2.674
1074,2.121,2.674
1075,2.116,2.674
1076,2.111,2.674
1077,2.229,2.674
1078,2.708,2.674
1079,3.338,2.674
1080,3.700,2.678
1081,3.641,2.678
1082,3.270,2.674
1083,2.889,2.678
1084,2.605,2.678
1085,2.405,2.678
1086,2.307,2.678
1087,2.336,2.678
1088,2.439,2.678
1089,2.522,2.678
1090,2.532,2.678
1091,2.473,2.678
1092,2.385,2.678
1093,2.302,2.678
1094,2.239,2.678
1095,2.185,2.678
1096,2.155,2.678
1097,2.141,2.678
1098,2.131,2.678
1099,2.126,2.678
1100,2.180,2.678
1101,2.507,2.678
1102,3.089,2.678
1103,3.553,2.678
1104,3.646,2.678
1105,3.416,2.678
1106,3.069,2.678
1107,2.752,2.678
1108,2.507,2.678
1109,2.322,2.678
1110,2.263,2.678
1111,2.322,2.678
1112,2.400,2.678
1113,2.449,2.678
1114,2.434,2.678
1115,2.356,2.678
1116,2.258,2.678
1117,2.160,2.678
1118,2.107,2.678
1119,2.087,2.678
1120,2.097,2.678
1121,2.107,2.678
1122,2.092,2.678
1123,2.072,2.678
1124,2.082,2.678
1125,2.370,2.678
1126,3.006,2.678
1127,3.568,2.678
1128,3.754,2.678
1129,3.563,2.683
1130,3.187,2.678
1131,2.840,2.678
1132,2.586,2.678
1133,2.405,2.683
1134,2.322,2.683
1135,2.331,2.683
1136,2.400,2.683
1137,2.458,2.683
1138,2.458,2.683
1139,2.405,2.683
1140,2.322,2.683
1141,2.234,2.683
1142,2.160,2.683
1143,2.107,2.683
1144,2.087,2.683
1145,2.082,2.683
1146,2.077,2.683
1147,2.097,2.683
1148,2.253,2.683
1149,2.747,2.683
1150,3.348,2.683
1151,3.671,2.683
1152,3.607,2.683
1153,3.294,2.683
1154,2.928,2.683
1155,2.639,2.683
1156,2.414,2.683
1157,2.283,2.683
1158,2.258,2.683
1159,2.317,2.683
1160,2.390,2.683
1161,2.424,2.683
1162,2.405,2.683
1163,2.336,2.688
1164,2.248,2.688
1165,2.170,2.683
1166,2.116,2.688
1167,2.082,2.688
1168,2.063,2.688
1169,2.058,2.688
1170,2.097,2.688
1171,2.395,2.688
1172,3.079,2.688
1173,3.558,2.688
1174,3.651,2.688
1175,3.412,2.688
1176,3.030,2.688
1177,2.693,2.688
1178,2.444,2.688
1179,2.273,2.688
1180,2.219,2.688
1181,2.268,2.688
1182,2.361,2.688
1183,2.414,2.688
1184,2.405,2.688
1185,2.341,2.688
1186,2.253,2.688
1187,2.165,2.688
1188,2.107,2.688
1189,2.072,2.688
1190,2.053,2.688
1191,2.043,2.688
1192,2.038,2.688
1193,2.102,2.693
1194,2.454,2.693
1195,3.084,2.693
1196,3.587,2.693
1197,3.627,2.693
1198,3.348,2.693
1199,2.962,2.693
1200,2.639,2.693
1201,2.400,2.693
1202,2.268,2.693
1203,2.253,2.693
1204,2.331,2.693
1205,2.419,2.693
1206,2.458,2.693
1207,2.429,2.693
1208,2.351,2.693
1209,2.258,2.693
1210,2.170,2.693
1211,2.121,2.693
1212,2.092,2.693
1213,2.082,2.693
1214,2.072,2.693
1215,2.092,2.698
1216,2.283,2.698
1217,2.810,2.698
1218,3.387,2.698
1219,3.646,2.698
1220,3.529,2.698
1221,3.192,2.698
1222,2.820,2.698
1223,2.517,2.698
1224,2.263,2.698
1225,2.204,2.698
1226,2.268,2.698
1227,2.375,2.698
1228,2.458,2.698
1229,2.458,2.698
1230,2.405,2.698
1231,2.312,2.698
1232,2.229,2.698
1233,2.155,2.698
1234,2.102,2.698
1235,2.082,2.698
1236,2.082,2.698
1237,2.077,2.698
1238,2.087,2.698
1239,2.224,2.698
1240,2.722,2.698
1241,3.358,2.698
1242,3.710,2.703
1243,3.656,2.703
1244,3.324,2.703
1245,2.928,2.703
1246,2.605,2.703
1247,2.380,2.703
1248,2.248,2.703
1249,2.248,2.703
1250,2.341,2.703
1251,2.439,2.703
1252,2.517,2.703
1253,2.498,2.703
1254,2.400,2.703
1255,2.278,2.703
1256,2.170,2.703
1257,2.097,2.703
1258,2.058,2.703
1259,2.058,2.703
1260,2.072,2.703
1261,2.072,2.703
1262,2.067,2.703
1263,2.111,2.703
1264,2.458,2.703
1265,3.118,2.703
1266,3.651,2.703
1267,3.793,2.703
1268,3.553,2.703
1269,3.128,2.703
1270,2.747,2.703
1271,2.473,2.703
1272,2.297,2.703
1273,2.253,2.703
1274,2.307,2.703
1275,2.395,2.703
1276,2.454,2.703
1277,2.463,2.703
1278,2.405,2.708
1279,2.322,2.703
1280,2.219,2.703
1281,2.141,2.703
1282,2.102,2.703
1283,2.097,2.703
1284,2.097,2.703
1285,2.107,2.703
1286,2.102,2.703
1287,2.097,2.703
1288,2.248,2.708
1289,2.776,2.703
1290,3.407,2.708
1291,3.734,2.708
1292,3.646,2.708
1293,3.289,2.708
1294,2.884,2.703
1295,2.571,2.703
1296,2.351,2.703
1297,2.248,2.703
1298,2.283,2.703
1299,2.395,2.703
1300,2.483,2.703
1301,2.498,2.703
1302,2.444,2.703
1303,2.346,2.703
1304,2.243,2.703
1305,2.151,2.703
1306,2.087,2.703
1307,2.063,2.703
1308,2.072,2.703
1309,2.077,2.703
1310,2.077,2.703
1311,2.082,2.703
1312,2.219,2.703
1313,2.727,2.703
1314,3.368,2.703
1315,3.734,2.703
1316,3.695,2.703
1317,3.353,2.703
1318,2.933,2.703
1319,2.595,2.703
1320,2.361,2.703
1321,2.243,2.703
1322,2.273,2.703
1323,2.375,2.703
1324,2.488,2.703
1325,2.532,2.698
1326,2.498,2.698
1327,2.419,2.698
1328,2.307,2.698
1329,2.209,2.698
1330,2.146,2.698
1331,2.107,2.698
1332,2.107,2.698
1333,2.131,2.698
1334,2.175,2.698
1335,2.195,2.698
1336,2.195,2.698
1337,2.243,2.698
1338,2.727,2.698
1339,3.382,2.698
1340,3.812,2.698
1341,3.729,2.703
1342,3.358,2.698
1343,2.942,2.698
1344,2.630,2.698
1345,2.414,2.698
1346,2.287,2.698
1347,2.268,2.698
1348,2.331,2.698
1349,2.419,2.703
1350,2.468,2.698
1351,2.454,2.703
1352,2.385,2.698
1353,2.312,2.703
1354,2.234,2.703
1355,2.170,2.703
1356,2.121,2.703
1357,2.097,2.703
1358,2.107,2.703
1359,2.102,2.703
1360,2.107,2.703
1361,2.107,2.703
1362,2.185,2.703
1363,2.644,2.703
1364,3.436,2.703
1365,4.057,2.703
1366,4.184,2.703
1367,3.837,2.703
1368,3.309,2.703
1369,2.849,2.703
1370,2.527,2.703
1371,2.317,2.703
1372,2.234,2.703
1373,2.268,2.703
1374,2.356,2.703
1375,2.419,2.703
1376,2.410,2.708
1377,2.331,2.708
1378,2.204,2.703
1379,2.077,2.703
1380,1.965,2.708
1381,1.896,2.708
1382,1.872,2.708
1383,1.877,2.708
1384,1.896,2.708
1385,1.921,2.708
1386,1.931,2.708
1387,1.975,2.708
1388,2.287,2.708
1389,2.937,2.708
1390,3.504,2.708
1391,3.666,2.708
1392,3.451,2.708
1393,3.030,2.708
1394,2.634,2.708
1395,2.302,2.708
1396,2.146,2.708
1397,2.121,2.708
1398,2.199,2.708
1399,2.322,2.708
1400,2.395,2.708
1401,2.395,2.708
1402,2.326,2.713
1403,2.234,2.713
1404,2.141,2.713
1405,2.082,2.713
1406,2.048,2.713
1407,2.033,2.713
1408,2.038,2.713
1409,2.043,2.713
1410,2.043,2.713
1411,2.077,2.713
1412,2.341,2.713
1413,2.952,2.713
1414,3.514,2.713
1415,3.695,2.713
1416,3.504,2.713
1417,3.123,2.713
1418,2.727,2.713
1419,2.414,2.713
1420,2.204,2.713
1421,2.146,2.713
1422,2.229,2.713
1423,2.375,2.713
1424,2.463,2.713
1425,2.454,2.713
1426,2.375,2.713
1427,2.273,2.713
1428,2.170,2.713
1429,2.102,2.713
1430,2.063,2.713
1431,2.053,2.713
1432,2.053,2.713
1433,2.048,2.708
1434,2.053,2.708
1435,2.224,2.708
1436,2.776,2.708
1437,3.416,2.708
1438,3.744,2.708
1439,3.666,2.708
1440,3.309,2.708
1441,2.889,2.708
1442,2.546,2.708
1443,2.307,2.708
1444,2.190,2.708
1445,2.219,2.708
1446,2.336,2.708
1447,2.439,2.708
1448,2.473,2.703
1449,2.444,2.703
1450,2.356,2.703
1451,2.253,2.703
1452,2.141,2.703
1453,2.087,2.703
1454,2.053,2.703
1455,2.048,2.703
1456,2.048,2.703
1457,2.043,2.703
1458,2.053,2.703
1459,2.239,2.703
1460,2.825,2.703
1461,3.500,2.703
1462,3.827,2.703
1463,3.715,2.703
1464,3.324,2.703
1465,2.879,2.703
1466,2.473,2.703
1467,2.268,2.703
1468,2.190,2.698
1469,2.253,2.698
1470,2.380,2.703
1471,2.488,2.698
1472,2.512,2.698
1473,2.463,2.703
1474,2.370,2.698
1475,2.258,2.698
1476,2.170,2.698
1477,2.107,2.698
1478,2.077,2.703
1479,2.087,2.698
1480,2.097,2.703
1481,2.111,2.698
1482,2.136,2.703
1483,2.419,2.703
1484,3.065,2.703
1485,3.651,2.703
1486,3.827,2.703
1487,3.592,2.703
1488,3.162,2.703
1489,2.752,2.703
1490,2.439,2.703
1491,2.253,2.703
1492,2.219,2.703
1493,2.307,2.703
1494,2.434,2.703
1495,2.507,2.703
1496,2.498,2.703
1497,2.419,2.703
1498,2.322,2.703
1499,2.219,2.703
1500,2.146,2.703
1501,2.097,2.703
1502,2.072,2.703
1503,2.072,2.703
1504,2.067,2.703
1505,2.087,2.703
1506,2.341,2.708
1507,2.967,2.708
1508,3.602,2.708
1509,3.851,2.708
1510,3.617,2.708
1511,3.192,2.708
1512,2.791,2.708
1513,2.488,2.708
1514,2.283,2.708
1515,2.209,2.708
1516,2.278,2.708
1517,2.400,2.708
1518,2.493,2.708
1519,2.502,2.708
1520,2.434,2.708
1521,2.331,2.708
1522,2.229,2.708
1523,2.146,2.708
1524,2.092,2.708
1525,2.072,2.708
1526,2.077,2.708
1527,2.072,2.708
1528,2.058,2.713
1529,2.102,2.713
1530,2.429,2.713
1531,3.109,2.713
1532,3.705,2.713
1533,3.886,2.713
1534,3.656,2.713
1535,3.216,2.713
1536,2.801,2.713
1537,2.478,2.713
1538,2.297,2.713
1539,2.243,2.713
1540,2.307,2.713
1541,2.414,2.713
1542,2.493,2.713
1543,2.488,2.713
1544,2.410,2.713
1545,2.307,2.717
1546,2.209,2.713
1547,2.141,2.717
1548,2.097,2.717
1549,2.077,2.717
1550,2.067,2.717
1551,2.063,2.717
1552,2.063,2.717
1553,2.155,2.717
1554,2.600,2.717
1555,3.280,2.717
1556,3.729,2.717
1557,3.759,2.717
1558,3.441,2.717
1559,3.006,2.717
1560,2.649,2.717
1561,2.395,2.717
1562,2.248,2.717
1563,2.239,2.717
1564,2.336,2.717
1565,2.454,2.717
1566,2.512,2.722
1567,2.478,2.722
1568,2.390,2.722
1569,2.297,2.722
1570,2.214,2.722
1571,2.160,2.722
1572,2.136,2.722
1573,2.126,2.722
1574,2.116,2.722
1575,2.111,2.722
1576,2.195,2.722
1577,2.615,2.722
1578,3.255,2.722
1579,3.690,2.722
1580,3.710,2.722
1581,3.416,2.722
1582,3.016,2.722
1583,2.669,2.722
1584,2.400,2.722
1585,2.239,2.722
1586,2.239,2.722
1587,2.341,2.722
1588,2.454,2.727
1589,2.502,2.722
1590,2.468,2.727
1591,2.370,2.727
1592,2.234,2.727
1593,2.160,2.727
1594,2.107,2.727
1595,2.082,2.727
1596,2.072,2.727
1597,2.077,2.727
1598,2.082,2.727
1599,2.111,2.727
1600,2.419,2.727
1601,3.069,2.727
1602,3.641,2.727
1603,3.817,2.727
1604,3.607,2.727
1605,3.206,2.727
1606,2.835,2.727
1607,2.571,2.727
1608,2.380,2.727
1609,2.302,2.727
1610,2.331,2.727
1611,2.410,2.727
1612,2.473,2.727
1613,2.483,2.727
1614,2.434,2.732
1615,2.341,2.732
1616,2.239,2.732
1617,2.160,2.732
1618,2.116,2.732
1619,2.097,2.732
1620,2.097,2.732
1621,2.107,2.732
1622,2.097,2.732
1623,2.107,2.732
1624,2.297,2.732
1625,2.864,2.732
1626,3.504,2.732
1627,3.817,2.732
1628,3.705,2.732
1629,3.348,2.732
1630,2.957,2.732
1631,2.659,2.732
1632,2.439,2.732
1633,2.322,2.732
1634,2.312,2.732
1635,2.380,2.732
1636,2.444,2.732
1637,2.473,2.732
1638,2.429,2.732
1639,2.346,2.732
1640,2.248,2.732
1641,2.170,2.732
1642,2.116,2.732
1643,2.087,2.732
1644,2.072,2.732
1645,2.072,2.732
1646,2.077,2.732
1647,2.077,2.737
1648,2.087,2.737
1649,2.234,2.737
1650,2.742,2.737
1651,3.446,2.737
1652,3.739,2.737
1653,3.607,2.737
1654,3.226,2.737
1655,2.835,2.737
1656,2.556,2.737
1657,2.356,2.737
1658,2.273,2.737
1659,2.302,2.737
1660,2.400,2.737
1661,2.454,2.737
1662,2.449,2.737
1663,2.395,2.737
1664,2.317,2.737
1665,2.239,2.737
1666,2.175,2.737
1667,2.146,2.737
1668,2.131,2.737
1669,2.136,2.737
1670,2.126,2.737
1671,2.116,2.737
1672,2.175,2.737
1673,2.561,2.737
1674,3.192,2.737
1675,3.612,2.737
1676,3.592,2.742
1677,3.275,2.742
1678,2.898,2.742
1679,2.551,2.742
1680,2.341,2.742
1681,2.243,2.737
1682,2.263,2.742
1683,2.341,2.742
1684,2.405,2.742
1685,2.410,2.742
1686,2.361,2.742
1687,2.273,2.742
1688,2.180,2.742
1689,2.111,2.742
1690,2.072,2.742
1691,2.058,2.742
1692,2.058,2.742
1693,2.058,2.742
1694,2.058,2.742
1695,2.058,2.742
1696,2.165,2.742
1697,2.639,2.742
1698,3.304,2.742
1699,3.719,2.742
1700,3.715,2.742
1701,3.402,2.742
1702,3.011,2.742
1703,2.698,2.742
1704,2.473,2.742
1705,2.317,2.742
1706,2.287,2.742
1707,2.341,2.742
1708,2.434,2.747
1709,2.463,2.747
1710,2.419,2.747
1711,2.336,2.747
1712,2.229,2.752
1713,2.131,2.752
1714,2.072,2.752
1715,2.038,2.752
1716,2.038,2.752
1717,2.048,2.757
1718,2.053,2.757
1719,2.043,2.757
1720,2.063,2.757
1721,2.336,2.757
1722,2.952,2.757
1723,3.543,2.757
1724,3.773,2.757
1725,3.602,2.761
1726,3.221,2.757
1727,2.830,2.757
1728,2.542,2.761
1729,2.341,2.761
1730,2.268,2.761
1731,2.307,2.761
1732,2.400,2.761
1733,2.463,2.761
1734,2.468,2.761
1735,2.419,2.761
1736,2.312,2.761
1737,2.209,2.761
1738,2.131,2.761
1739,2.087,2.761
1740,2.067,2.761
1741,2.077,2.761
1742,2.082,2.761
1743,2.077,2.761
1744,2.111,2.761
1745,2.380,2.761
1746,2.986,2.761
1747,3.539,2.761
1748,3.710,2.761
1749,3.514,2.761
1750,3.138,2.761
1751,2.771,2.761
1752,2.488,2.761
1753,2.297,2.761
1754,2.234,2.761
1755,2.307,2.761
1756,2.414,2.761
1757,2.483,2.761
1758,2.483,2.761
1759,2.414,2.761
1760,2.307,2.761
1761,2.199,2.761
1762,2.126,2.761
1763,2.087,2.761
1764,2.072,2.761
1765,2.077,2.761
1766,2.067,2.761
1767,2.067,2.761
1768,2.160,2.761
1769,2.600,2.761
1770,3.265,2.761
1771,3.695,2.761
1772,3.700,2.761
1773,3.407,2.761
1774,3.006,2.761
1775,2.678,2.761
1776,2.449,2.761
1777,2.283,2.761
1778,2.243,2.761
1779,2.297,2.761
1780,2.395,2.761
1781,2.439,2.761
1782,2.414,2.761
1783,2.336,2.761
1784,2.234,2.761
1785,2.146,2.761
1786,2.067,2.761
1787,2.033,2.761
1788,2.028,2.761
1789,2.048,2.761
1790,2.053,2.761
1791,2.053,2.761
1792,2.053,2.757
1793,2.258,2.757
1794,2.859,2.757
1795,3.514,2.757
1796,3.832,2.757
1797,3.705,2.757
1798,3.324,2.757
1799,2.903,2.757
1800,2.586,2.757
1801,2.341,2.757
1802,2.253,2.757
1803,2.273,2.757
1804,2.351,2.757
1805,2.419,2.752
1806,2.429,2.752
1807,2.385,2.752
1808,2.292,2.752
1809,2.185,2.752
1810,2.092,2.752
1811,2.038,2.747
1812,2.019,2.747
1813,2.023,2.747
1814,2.043,2.747
1815,2.038,2.747
1816,2.033,2.747
1817,2.107,2.742
1818,2.517,2.742
1819,3.187,2.742
1820,3.666,2.742
1821,3.734,2.742
1822,3.407,2.742
1823,2.981,2.742
1824,2.639,2.742
1825,2.395,2.737
1826,2.248,2.737
1827,2.239,2.737
1828,2.317,2.737
1829,2.419,2.737
1830,2.473,2.737
1831,2.454,2.732
1832,2.361,2.732
1833,2.258,2.732
1834,2.160,2.732
1835,2.107,2.732
1836,2.087,2.727
1837,2.082,2.727
1838,2.082,2.727
1839,2.082,2.727
1840,2.136,2.727
1841,2.473,2.727
1842,3.099,2.727
1843,3.612,2.727
1844,3.680,2.727
1845,3.397,2.727
1846,3.001,2.727
1847,2.664,2.727
1848,2.400,2.727
1849,2.243,2.722
1850,2.243,2.722
1851,2.341,2.722
1852,2.444,2.722
1853,2.478,2.722
1854,2.434,2.722
1855,2.346,2.722
1856,2.243,2.722
1857,2.155,2.722
1858,2.102,2.722
1859,2.077,2.722
1860,2.072,2.722
1861,2.067,2.722
1862,2.063,2.722
1863,2.155,2.722
1864,2.595,2.722
1865,3.255,2.722
1866,3.705,2.722
1867,3.729,2.722
1868,3.431,2.722
1869,3.025,2.722
1870,2.674,2.722
1871,2.414,2.722
1872,2.258,2.722
1873,2.234,2.722
1874,2.312,2.722
1875,2.419,2.722
1876,2.473,2.727
1877,2.444,2.727
1878,2.351,2.727
1879,2.253,2.727
1880,2.155,2.727
1881,2.097,2.727
1882,2.067,2.727
1883,2.058,2.727
1884,2.063,2.727
1885,2.058,2.727
1886,2.077,2.727
1887,2.292,2.732
1888,2.889,2.732
1889,3.543,2.732
1890,3.856,2.732
1891,3.739,2.732
1892,3.353,2.732
1893,2.933,2.732
1894,2.625,2.732
1895,2.405,2.732
1896,2.292,2.732
1897,2.302,2.732
1898,2.375,2.732
1899,2.454,2.737
1900,2.473,2.737
1901,2.419,2.737
1902,2.326,2.737
1903,2.219,2.737
1904,2.126,2.737
1905,2.072,2.737
1906,2.048,2.737
1907,2.048,2.737
1908,2.053,2.737
1909,2.053,2.737
1910,2.107,2.737
1911,2.458,2.742
1912,3.128,2.742
1913,3.661,2.742
1914,3.788,2.742
1915,3.534,2.742
1916,3.118,2.742
1917,2.727,2.742
1918,2.449,2.742
1919,2.273,2.742
1920,2.234,2.742
1921,2.302,2.742
1922,2.405,2.747
1923,2.473,2.747
1924,2.463,2.747
1925,2.395,2.747
1926,2.287,2.747
1927,2.082,2.747
1928,2.077,2.747
1929,2.077,2.747
1930,2.097,2.747
1931,2.341,2.747
1932,2.952,2.747
1933,3.529,2.752
1934,3.724,2.752
1935,3.504,2.752
1936,3.109,2.752
1937,2.732,2.752
1938,2.449,2.752
1939,2.258,2.752
1940,2.224,2.752
1941,2.312,2.752
1942,2.429,2.752
1943,2.502,2.752
1944,2.488,2.752
1945,2.405,2.752
1946,2.297,2.752
1947,2.195,2.752
1948,2.116,2.752
1949,2.087,2.752
1950,2.067,2.752
1951,2.048,2.752
1952,2.043,2.752
1953,2.151,2.752
1954,2.615,2.757
1955,3.289,2.757
1956,3.729,2.757
1957,3.729,2.757
1958,3.412,2.757
1959,3.006,2.757
1960,2.664,2.757
1961,2.400,2.757
1962,2.239,2.757
1963,2.219,2.757
1964,2.312,2.757
1965,2.405,2.757
1966,2.434,2.757
1967,2.400,2.757
1968,2.312,2.757
1969,2.185,2.757
1970,2.107,2.757
1971,2.063,2.757
1972,2.043,2.757
1973,2.043,2.757
1974,2.038,2.761
1975,2.043,2.761
1976,2.097,2.761
1977,2.468,2.761
1978,3.162,2.761
1979,3.715,2.761
1980,3.837,2.761
1981,3.568,2.761
1982,3.133,2.761
1983,2.737,2.761
1984,2.468,2.761
1985,2.283,2.761
1986,2.219,2.761
1987,2.268,2.761
1988,2.366,2.761
1989,2.429,2.761
1990,2.419,2.766
1991,2.341,2.766
1992,2.239,2.766
1993,2.141,2.766
1994,2.067,2.766
1995,2.033,2.766
1996,2.023,2.766
1997,2.023,2.766
1998,2.023,2.766
1999,2.019,2.766
2000,2.097,2.766
2001,2.512,2.766
2002,3.201,2.766
2003,3.705,2.766
2004,3.773,2.766
2005,3.470,2.766
2006,3.030,2.766
2007,2.659,2.766
2008,2.390,2.766
2009,2.219,2.766
2010,2.199,2.766
2011,2.283,2.766
2012,2.385,2.766
2013,2.449,2.771
2014,2.424,2.771
2015,2.346,2.771
2016,2.243,2.771
2017,2.155,2.771
2018,2.087,2.771
2019,2.063,2.771
2020,2.058,2.771
2021,2.048,2.771
2022,2.048,2.771
2023,2.121,2.771
2024,2.532,2.771
2025,3.182,2.771
2026,3.631,2.771
2027,3.656,2.771
2028,3.348,2.771
2029,2.942,2.771
2030,2.581,2.771
2031,2.312,2.771
2032,2.170,2.771
2033,2.170,2.771
2034,2.278,2.771
2035,2.395,2.771
2036,2.454,2.771
2037,2.424,2.771
2038,2.336,2.776
2039,2.224,2.776
2040,2.131,2.776
2041,2.072,2.776
2042,2.053,2.776
2043,2.048,2.776
2044,2.043,2.776
2045,2.048,2.776
2046,2.219,2.776
2047,2.776,2.776
2048,3.426,2.776
2049,3.754,2.776
2050,3.602,2.776
2051,3.206,2.776
2052,2.791,2.776
2053,2.429,2.776
2054,2.234,2.776
2055,2.170,2.776
2056,2.224,2.776
2057,2.336,2.776
2058,2.410,2.776
2059,2.405,2.776
2060,2.341,2.776
2061,2.248,2.776
2062,2.151,2.776
2063,2.077,2.776
2064,2.028,2.776
2065,2.014,2.776
2066,2.009,2.776
2067,2.014,2.776
2068,2.019,2.776
2069,2.190,2.781
2070,2.757,2.781
2071,3.451,2.781
2072,3.807,2.781
2073,3.710,2.781
2074,3.314,2.781
2075,2.864,2.781
2076,2.527,2.781
2077,2.297,2.781
2078,2.185,2.781
2079,2.219,2.781
2080,2.317,2.781
2081,2.400,2.781
2082,2.424,2.781
2083,2.366,2.781
2084,2.273,2.781
2085,2.165,2.781
2086,2.087,2.781
2087,2.038,2.781
2088,2.019,2.781
2089,2.014,2.781
2090,2.023,2.781
2091,2.019,2.781
2092,2.033,2.781
2093,2.297,2.781
2094,2.967,2.781
2095,3.680,2.781
2096,3.827,2.781
2097,3.563,2.781
2098,3.113,2.781
2099,2.703,2.781
2100,2.400,2.786
2101,2.209,2.786
2102,2.160,2.786
2103,2.229,2.786
2104,2.336,2.786
2105,2.419,2.786
2106,2.419,2.786
2107,2.346,2.786
2108,2.248,2.786
2109,2.146,2.786
2110,2.072,2.786
2111,2.033,2.786
2112,2.023,2.786
2113,2.028,2.786
2114,2.033,2.786
2115,2.028,2.786
2116,2.170,2.786
2117,2.708,2.786
2118,3.407,2.786
2119,3.783,2.786
2120,3.705,2.786
2121,3.314,2.786
2122,2.864,2.786
2123,2.507,2.786
2124,2.258,2.786
2125,2.165,2.786
2126,2.224,2.786
2127,2.351,2.786
2128,2.463,2.786
2129,2.488,2.786
2130,2.434,2.786
2131,2.331,2.786
2132,2.234,2.786
2133,2.165,2.786
2134,2.107,2.786
2135,2.087,2.786
2136,2.077,2.786
2137,2.077,2.786
2138,2.102,2.786
2139,2.390,2.786
2140,3.035,2.786
2141,3.627,2.791
2142,3.817,2.791
2143,3.587,2.791
2144,3.157,2.791
2145,2.737,2.791
2146,2.424,2.791
2147,2.229,2.791
2148,2.180,2.791
2149,2.263,2.791
2150,2.385,2.791
2151,2.468,2.791
2152,2.468,2.791
2153,2.400,2.791
2154,2.292,2.791
2155,2.180,2.791
2156,2.102,2.791
2157,2.063,2.791
2158,2.053,2.791
2159,2.048,2.791
2160,2.038,2.791
2161,2.072,2.791
2162,2.366,2.791
2163,3.128,2.791
2164,3.734,2.791
2165,3.905,2.791
2166,3.651,2.791
2167,3.206,2.791
2168,2.791,2.791
2169,2.493,2.791
2170,2.287,2.791
2171,2.229,2.791
2172,2.283,2.791
2173,2.390,2.791
2174,2.463,2.791
2175,2.458,2.791
2176,2.395,2.791
2177,2.297,2.791
2178,2.195,2.791
2179,2.107,2.791
2180,2.077,2.791
2181,2.067,2.791
2182,2.063,2.791
2183,2.063,2.791
2184,2.067,2.791
2185,2.165,2.791
2186,2.649,2.791
2187,3.377,2.796
2188,3.861,2.796
2189,3.876,2.796
2190,3.524,2.796
2191,2.986,2.796
2192,2.630,2.796
2193,2.370,2.796
2194,2.234,2.796
2195,2.229,2.796
2196,2.326,2.796
2197,2.429,2.796
2198,2.468,2.796
2199,2.429,2.796
2200,2.336,2.796
2201,2.229,2.796
2202,2.146,2.796
2203,2.087,2.796
2204,2.058,2.796
2205,2.053,2.796
2206,2.058,2.796
2207,2.063,2.796
2208,2.063,2.796
2209,2.160,2.796
2210,2.639,2.796
2211,3.353,2.796
2212,3.812,2.796
2213,3.803,2.796
2214,3.436,2.796
2215,2.977,2.796
2216,2.610,2.796
2217,2.346,2.796
2218,2.219,2.796
2219,2.239,2.796
2220,2.366,2.796
2221,2.488,2.796
2222,2.512,2.796
2223,2.449,2.796
2224,2.351,2.796
2225,2.248,2.796
2226,2.170,2.796
2227,2.126,2.796
2228,2.102,2.796
2229,2.092,2.796
2230,2.077,2.796
2231,2.077,2.796
2232,2.224,2.796
2233,2.766,2.796
2234,3.426,2.801
2235,3.773,2.801
2236,3.690,2.801
2237,3.319,2.801
2238,2.879,2.801
2239,2.517,2.801
2240,2.258,2.801
2241,2.151,2.801
2242,2.185,2.801
2243,2.307,2.801
2244,2.424,2.801
2245,2.458,2.801
2246,2.400,2.801
2247,2.292,2.801
2248,2.170,2.801
2249,2.097,2.801
2250,2.058,2.801
2251,2.038,2.801
2252,2.038,2.801
2253,2.033,2.801
2254,2.038,2.801
2255,2.107,2.801
2256,2.537,2.801
2257,3.255,2.801
2258,3.768,2.801
2259,3.827,2.801
2260,3.509,2.801
2261,3.045,2.801
2262,2.649,2.801
2263,2.366,2.801
2264,2.199,2.801
2265,2.180,2.801
2266,2.258,2.801
2267,2.370,2.801
2268,2.434,2.801
2269,2.419,2.801
2270,2.351,2.801
2271,2.248,2.801
2272,2.155,2.801
2273,2.082,2.801
2274,2.043,2.801
2275,2.028,2.801
2276,2.028,2.801
2277,2.028,2.801
2278,2.023,2.801
2279,2.146,2.801
2280,2.669,2.801
2281,3.368,2.801
2282,3.798,2.801
2283,3.768,2.805
2284,3.407,2.801
2285,2.942,2.801
2286,2.561,2.801
2287,2.297,2.805
2288,2.170,2.801
2289,2.180,2.801
2290,2.283,2.801
2291,2.390,2.801
2292,2.439,2.801
2293,2.400,2.801
2294,2.312,2.801
2295,2.214,2.801
2296,2.121,2.801
2297,2.053,2.801
2298,2.023,2.801
2299,2.014,2.801
2300,2.023,2.801
2301,2.023,2.801
2302,2.023,2.801
2303,2.165,2.801
2304,2.688,2.801
2305,3.548,2.801
2306,3.793,2.801
2307,3.602,2.801
2308,3.167,2.801
2309,2.722,2.801
2310,2.405,2.801
2311,2.199,2.801
2312,2.141,2.801
2313,2.219,2.801
2314,2.356,2.801
2315,2.458,2.801
2316,2.478,2.801
2317,2.419,2.801
2318,2.326,2.801
2319,2.219,2.801
2320,2.136,2.801
2321,2.087,2.801
2322,2.067,2.796
2323,2.053,2.796
2324,2.048,2.796
2325,2.072,2.796
2326,2.361,2.796
2327,2.986,2.796
2328,3.534,2.796
2329,3.695,2.796
2330,3.470,2.796
2331,3.050,2.796
2332,2.649,2.796
2333,2.346,2.796
2334,2.146,2.796
2335,2.131,2.796
2336,2.234,2.796
2337,2.366,2.796
2338,2.444,2.796
2339,2.429,2.796
2340,2.346,2.796
2341,2.239,2.796
2342,2.136,2.796
2343,2.072,2.796
2344,2.058,2.796
2345,2.058,2.796
2346,2.048,2.796
2347,2.028,2.796
2348,2.028,2.796
2349,2.268,2.796
2350,2.889,2.796
2351,3.529,2.796
2352,3.807,2.796
2353,3.651,2.796
2354,3.231,2.796
2355,2.791,2.796
2356,2.463,2.796
2357,2.253,2.796
2358,2.180,2.796
2359,2.243,2.796
2360,2.361,2.796
2361,2.449,2.796
2362,2.458,2.796
2363,2.385,2.796
2364,2.283,2.796
2365,2.185,2.796
2366,2.121,2.796
2367,2.077,2.796
2368,2.063,2.796
2369,2.053,2.796
2370,2.043,2.796
2371,2.102,2.796
2372,2.473,2.796
2373,3.138,2.796
2374,3.651,2.801
2375,3.744,2.801
2376,3.480,2.801
2377,3.050,2.801
2378,2.669,2.801
2379,2.375,2.801
2380,2.209,2.801
2381,2.190,2.801
2382,2.283,2.801
2383,2.385,2.801
2384,2.444,2.801
2385,2.429,2.801
2386,2.356,2.801
2387,2.253,2.801
2388,2.170,2.801
2389,2.107,2.801
2390,2.072,2.801
2391,2.058,2.801
2392,2.053,2.801
2393,2.077,2.801
2394,2.380,2.801
2395,3.021,2.801
2396,3.578,2.801
2397,3.749,2.801
2398,3.524,2.801
2399,3.109,2.801
2400,2.703,2.801
2401,2.405,2.801
2402,2.209,2.801
2403,2.170,2.801
2404,2.253,2.801
2405,2.366,2.801
2406,2.444,2.801
2407,2.439,2.801
2408,2.366,2.801
2409,2.263,2.801
2410,2.170,2.801
2411,2.102,2.801
2412,2.067,2.801
2413,2.053,2.801
2414,2.048,2.801
2415,2.058,2.801
2416,2.165,2.796
2417,2.639,2.801
2418,3.299,2.801
2419,3.719,2.801
2420,3.622,2.801
2421,3.255,2.801
2422,2.830,2.801
2423,2.478,2.801
2424,2.248,2.796
2425,2.170,2.801
2426,2.234,2.796
2427,2.370,2.796
2428,2.483,2.801
2429,2.517,2.796
2430,2.454,2.796
2431,2.380,2.796
2432,2.287,2.796
2433,2.204,2.796
2434,2.155,2.796
2435,2.146,2.796
2436,2.155,2.796
2437,2.180,2.796
2438,2.322,2.796
2439,2.796,2.796
2440,3.421,2.796
2441,3.793,2.796
2442,3.729,2.801
2443,3.343,2.801
2444,2.874,2.801
2445,2.493,2.801
2446,2.248,2.801
2447,2.199,2.801
2448,2.331,2.801
2449,2.522,2.801
2450,2.649,2.801
2451,2.654,2.801
2452,2.561,2.801
2453,2.419,2.801
2454,2.302,2.801
2455,2.219,2.801
2456,2.175,2.801
2457,2.131,2.801
2458,2.092,2.801
2459,2.072,2.801
2460,2.141,2.801
2461,2.556,2.801
2462,3.206,2.801
2463,3.656,2.801
2464,3.710,2.801
2465,3.421,2.801
2466,3.011,2.801
2467,2.634,2.801
2468,2.341,2.801
2469,2.170,2.801
2470,2.165,2.801
2471,2.278,2.801
2472,2.410,2.801
2473,2.483,2.801
2474,2.473,2.801
2475,2.385,2.801
2476,2.229,2.801
2477,2.116,2.801
2478,2.038,2.801
2479,1.984,2.801
2480,1.960,2.801
2481,1.950,2.801
2482,1.979,2.801
2483,2.263,2.801
2484,2.869,2.805
2485,3.412,2.805
2486,3.592,2.805
2487,3.392,2.805
2488,3.001,2.805
2489,2.620,2.805
2490,2.322,2.805
2491,2.141,2.805
2492,2.111,2.805
2493,2.195,2.805
2494,2.312,2.805
2495,2.385,2.805
2496,2.390,2.805
2497,2.326,2.805
2498,2.243,2.805
2499,2.165,2.805
2500,2.097,2.805
2501,2.053,2.805
2502,2.023,2.805
2503,2.019,2.805
2504,2.033,2.805
2505,2.234,2.805
2506,2.771,2.805
2507,3.358,2.805
2508,3.631,2.805
2509,3.514,2.805
2510,3.148,2.805
2511,2.747,2.805
2512,2.419,2.805
2513,2.190,2.805
2514,2.111,2.805
2515,2.170,2.805
2516,2.292,2.805
2517,2.385,2.805
2518,2.410,2.805
2519,2.361,2.805
2520,2.283,2.805
2521,2.195,2.805
2522,2.121,2.805
2523,2.077,2.805
2524,2.058,2.805
2525,2.063,2.805
2526,2.063,2.805
2527,2.082,2.805
2528,2.326,2.805
2529,2.918,2.805
2530,3.490,2.805
2531,3.710,2.805
2532,3.539,2.805
2533,3.045,2.805
2534,2.634,2.805
2535,2.317,2.805
2536,2.141,2.805
2537,2.136,2.805
2538,2.253,2.805
2539,2.424,2.805
2540,2.551,2.805
2541,2.590,2.805
2542,2.551,2.805
2543,2.463,2.805
2544,2.346,2.805
2545,2.239,2.805
2546,2.126,2.805
2547,2.028,2.805
2548,1.965,2.805
2549,1.960,2.805
2550,2.146,2.805
2551,2.703,2.805
2552,3.348,2.805
2553,3.695,2.805
2554,3.627,2.805
2555,3.275,2.805
2556,2.761,2.805
2557,2.385,2.805
2558,2.126,2.805
2559,2.019,2.805
2560,2.067,2.805
2561,2.204,2.805
2562,2.312,2.801
2563,2.351,2.801
2564,2.312,2.801
2565,2.229,2.801
2566,2.126,2.801
2567,2.043,2.805
2568,1.994,2.805
2569,1.975,2.805
2570,1.975,2.805
2571,1.984,2.805
2572,2.126,2.810
2573,2.590,2.810
2574,3.157,2.810
2575,3.446,2.810
2576,3.343,2.810
2577,3.016,2.815
2578,2.659,2.815
2579,2.380,2.815
2580,2.190,2.815
2581,2.126,2.815
2582,2.180,2.815
2583,2.278,2.815
2584,2.341,2.815
2585,2.336,2.815
2586,2.278,2.815
2587,2.209,2.815
2588,2.136,2.815
2589,2.087,2.815
2590,2.058,2.815
2591,2.058,2.815
2592,2.063,2.815
2593,2.058,2.815
2594,2.102,2.815
2595,2.439,2.810
2596,3.006,2.810
2597,3.412,2.810
2598,3.426,2.810
2599,3.157,2.810
2600,2.815,2.810
2601,2.517,2.810
2602,2.297,2.810
2603,2.185,2.810
2604,2.204,2.810
2605,2.312,2.810
2606,2.419,2.810
2607,2.454,2.810
2608,2.414,2.810
2609,2.336,2.810
2610,2.253,2.815
2611,2.195,2.815
2612,2.170,2.815
2613,2.170,2.815
2614,2.199,2.815
2615,2.283,2.815
2616,2.644,2.815
2617,3.343,2.815
2618,3.983,2.815
2619,4.101,2.815
2620,3.861,2.815
2621,3.460,2.815
2622,3.074,2.815
2623,2.742,2.815
2624,2.522,2.815
2625,2.468,2.815
2626,2.556,2.815
2627,2.639,2.815
2628,2.649,2.815
2629,2.551,2.815
2630,2.395,2.815
2631,2.234,2.815
2632,2.111,2.815
2633,2.043,2.815
2634,2.019,2.810
2635,2.019,2.810
2636,2.048,2.810
2637,2.302,2.810
2638,2.898,2.810
2639,3.460,2.810
2640,3.641,2.810
2641,3.451,2.810
2642,3.065,2.810
2643,2.683,2.805
2644,2.385,2.805
2645,2.195,2.805
2646,2.175,2.805
2647,2.287,2.805
2648,2.400,2.805
2649,2.439,2.801
2650,2.390,2.801
2651,2.292,2.801
2652,2.180,2.801
2653,2.067,2.801
2654,2.009,2.801
2655,1.975,2.796
2656,1.965,2.796
2657,2.014,2.796
2658,2.326,2.796
2659,2.908,2.796
2660,3.363,2.796
2661,3.431,2.796
2662,3.172,2.791
2663,2.786,2.791
2664,2.434,2.791
2665,2.175,2.791
2666,2.048,2.791
2667,2.092,2.786
2668,2.239,2.786
2669,2.375,2.786
2670,2.434,2.786
2671,2.405,2.786
2672,2.312,2.786
2673,2.209,2.786
2674,2.111,2.786
2675,2.063,2.781
2676,2.043,2.781
2677,2.038,2.781
2678,2.082,2.781
2679,2.390,2.781
2680,2.933,2.781
2681,3.319,2.781
2682,2.498,2.781
2683,2.185,2.776
2684,2.023,2.776
2685,2.043,2.776
2686,2.175,2.776
2687,2.317,2.776
2688,2.380,2.776
2689,2.366,2.776
2690,2.292,2.776
2691,2.195,2.771
2692,2.111,2.771
2693,2.072,2.771
2694,2.058,2.771
2695,2.067,2.771
2696,2.067,2.771
2697,2.107,2.771
2698,2.429,2.771
2699,3.113,2.771
2700,3.715,2.771
2701,3.905,2.771
2702,3.680,2.771
2703,3.143,2.771
2704,2.674,2.766
2705,2.283,2.771
2706,2.072,2.766
2707,2.107,2.766
2708,2.341,2.766
2709,2.600,2.766
2710,2.737,2.766
2711,2.688,2.766
2712,2.517,2.766
2713,2.361,2.766
2714,2.322,2.766
2715,2.356,2.766
2716,2.366,2.766
2717,2.292,2.766
2718,2.175,2.766
2719,2.165,2.766
2720,2.615,2.766
2721,3.358,2.766
2722,3.837,2.766
2723,3.817,2.766
2724,3.343,2.766
2725,2.874,2.766
2726,2.507,2.766
2727,2.243,2.766
2728,2.082,2.766
2729,2.072,2.766
2730,2.214,2.766
2731,2.419,2.771
2732,2.551,2.771
2733,2.512,2.771
2734,2.375,2.771
2735,2.234,2.771
2736,2.170,2.771
2737,2.165,2.771
2738,2.146,2.771
2739,2.097,2.771
2740,2.019,2.771
2741,2.033,2.771
2742,2.405,2.771
2743,3.035,2.771
2744,3.465,2.771
2745,3.470,2.776
2746,3.143,2.771
2747,2.698,2.771
2748,2.336,2.776
2749,2.097,2.776
2750,1.999,2.776
2751,2.004,2.776
2752,2.048,2.776
2753,2.097,2.776
2754,2.111,2.776
2755,2.107,2.776
2756,2.107,2.776
2757,2.097,2.776
2758,2.087,2.776
2759,2.063,2.776
2760,2.028,2.776
2761,2.009,2.776
2762,2.048,2.776
2763,2.297,2.781
2764,2.849,2.781
2765,3.368,2.781
2766,3.534,2.781
2767,3.333,2.781
2768,2.923,2.781
2769,2.512,2.781
2770,2.199,2.781
2771,2.033,2.781
2772,2.028,2.781
2773,2.136,2.781
2774,2.258,2.781
2775,2.331,2.781
2776,2.336,2.781
2777,2.287,2.781
2778,2.214,2.781
2779,2.146,2.781
2780,2.087,2.781
2781,2.043,2.781
2782,2.019,2.781
2783,2.019,2.781
2784,2.175,2.781
2785,2.654,2.781
2786,3.216,2.781
2787,3.500,2.781
2788,3.412,2.781
2789,3.030,2.776
2790,2.644,2.776
2791,2.326,2.776
2792,2.136,2.776
2793,2.107,2.776
2794,2.209,2.776
2795,2.341,2.776
2796,2.444,2.776
2797,2.458,2.776
2798,2.410,2.771
2799,2.322,2.771
2800,2.234,2.771
2801,2.170,2.771
2802,2.126,2.771
2803,2.102,2.771
2804,2.107,2.771
2805,2.351,2.766
2806,2.913,2.766
2807,3.431,2.766
2808,3.612,2.766
2809,3.397,2.766
2810,3.011,2.766
2811,2.630,2.766
2812,2.326,2.766
2813,2.155,2.761
2814,2.155,2.761
2815,2.258,2.761
2816,2.370,2.761
2817,2.444,2.761
2818,2.429,2.761
2819,2.366,2.761
2820,2.278,2.761
2821,2.190,2.761
2822,2.136,2.757
2823,2.107,2.757
2824,2.087,2.757
2825,2.111,2.757
2826,2.390,2.757
2827,3.016,2.757
2828,3.602,2.757
2829,3.807,2.757
2830,3.627,2.757
2831,3.221,2.757
2832,2.810,2.757
2833,2.488,2.757
2834,2.287,2.757
2835,2.243,2.757
2836,2.326,2.757
2837,2.444,2.757
2838,2.522,2.757
2839,2.522,2.757
2840,2.454,2.757
2841,2.356,2.757
2842,2.268,2.757
2843,2.204,2.757
2844,2.160,2.757
2845,2.131,2.757
2846,2.111,2.757
2847,2.180,2.757
2848,2.610,2.757
2849,3.324,2.757
2850,3.822,2.757
2851,3.817,2.757
2852,3.475,2.757
2853,3.055,2.757
2854,2.698,2.757
2855,2.439,2.757
2856,2.317,2.757
2857,2.331,2.757
2858,2.419,2.757
2859,2.512,2.757
2860,2.551,2.757
2861,2.512,2.757
2862,2.429,2.757
2863,2.326,2.761
2864,2.239,2.761
2865,2.175,2.761
2866,2.146,2.761
2867,2.131,2.761
2868,2.121,2.761
2869,2.116,2.761
2870,2.195,2.761
2871,2.654,2.761
2872,3.353,2.761
2873,3.832,2.761
2874,3.832,2.766
2875,3.475,2.766
2876,3.030,2.766
2877,2.664,2.766
2878,2.410,2.766
2879,2.283,2.766
2880,2.307,2.766
2881,2.410,2.766
2882,2.498,2.766
2883,2.522,2.766
2884,2.473,2.766
2885,2.380,2.771
2886,2.273,2.771
2887,2.185,2.771
2888,2.126,2.771
2889,2.102,2.771
2890,2.097,2.771
2891,2.102,2.771
2892,2.102,2.771
2893,2.097,2.771
2894,2.199,2.771
2895,2.669,2.771
2896,3.343,2.771
2897,3.768,2.776
2898,3.759,2.776
2899,3.431,2.776
2900,3.006,2.776
2901,2.654,2.776
2902,2.380,2.776
2903,2.278,2.776
2904,2.307,2.776
2905,2.395,2.776
2906,2.468,2.776
2907,2.483,2.776
2908,2.424,2.776
2909,2.326,2.781
2910,2.229,2.781
2911,2.146,2.781
2912,2.097,2.781
2913,2.058,2.781
2914,2.019,2.781
2915,1.994,2.781
2916,1.979,2.781
2917,2.028,2.781
2918,2.395,2.781
2919,3.069,2.781
2920,3.597,2.786
2921,3.719,2.786
2922,3.485,2.786
2923,3.109,2.786
2924,2.766,2.786
2925,2.478,2.786
2926,2.307,2.786
2927,2.287,2.786
2928,2.380,2.786
2929,2.483,2.786
2930,2.527,2.786
2931,2.473,2.786
2932,2.380,2.786
2933,2.268,2.786
2934,2.195,2.786
2935,2.155,2.786
2936,2.146,2.786
2937,2.141,2.786
2938,2.131,2.791
2939,2.136,2.791
2940,2.322,2.791
2941,2.864,2.791
2942,3.441,2.791
2943,3.695,2.791
2944,3.578,2.791
2945,3.221,2.791
2946,2.845,2.791
2947,2.542,2.791
2948,2.336,2.791
2949,2.273,2.791
2950,2.331,2.791
2951,2.444,2.791
2952,2.522,2.791
2953,2.522,2.791
2954,2.444,2.796
2955,2.336,2.791
2956,2.224,2.796
2957,2.146,2.796
2958,2.111,2.791
2959,2.097,2.796
2960,2.111,2.796
2961,2.107,2.796
2962,2.160,2.796
2963,2.542,2.796
2964,3.162,2.796
2965,3.627,2.796
2966,3.695,2.796
2967,3.421,2.796
2968,3.025,2.796
2969,2.693,2.796
2970,2.449,2.796
2971,2.297,2.796
2972,2.258,2.796
2973,2.302,2.796
2974,2.380,2.796
2975,2.429,2.796
2976,2.414,2.796
2977,2.351,2.796
2978,2.258,2.796
2979,2.180,2.796
2980,2.121,2.796
2981,2.077,2.796
2982,2.058,2.796
2983,2.058,2.796
2984,2.048,2.796
2985,2.043,2.796
2986,2.268,2.796
2987,2.864,2.796
2988,3.553,2.796
2989,3.749,2.796
2990,3.539,2.796
2991,3.128,2.791
2992,2.732,2.791
2993,2.449,2.791
2994,2.263,2.791
2995,2.204,2.791
2996,2.263,2.791
2997,2.351,2.786
2998,2.414,2.786
2999,2.410,2.786
3000,2.346,2.786
3001,2.248,2.786
3002,2.160,2.781
3003,2.097,2.781
3004,2.063,2.781
3005,2.053,2.781
3006,2.058,2.781
3007,2.058,2.781
3008,2.048,2.776
3009,2.058,2.776
3010,2.317,2.776
3011,2.898,2.776
3012,3.446,2.776
3013,3.646,2.771
3014,3.456,2.771
3015,3.060,2.771
3016,2.639,2.771
3017,2.366,2.771
3018,2.195,2.766
3019,2.170,2.766
3020,2.239,2.766
3021,2.341,2.766
3022,2.410,2.766
3023,2.400,2.761
3024,2.336,2.761
3025,2.239,2.761
3026,2.151,2.761
3027,2.097,2.761
3028,2.058,2.761
3029,2.043,2.757
3030,2.038,2.757
3031,2.038,2.757
3032,2.028,2.757
3033,2.033,2.757
3034,2.082,2.757
3035,2.429,2.757
3036,3.045,2.757
3037,3.514,2.757
3038,3.592,2.757
3039,3.314,2.752
3040,2.889,2.752
3041,2.517,2.752
3042,2.258,2.752
3043,2.136,2.752
3044,2.155,2.752
3045,2.292,2.752
3046,2.410,2.752
3047,2.454,2.752
3048,2.414,2.752
3049,2.331,2.752
3050,2.229,2.752
3051,2.151,2.752
3052,2.092,2.752
3053,2.063,2.752
3054,2.058,2.752
3055,2.053,2.752
3056,2.043,2.752
3057,2.043,2.752
3058,2.087,2.752
3059,2.473,2.752
3060,3.069,2.752
3061,3.485,2.752
3062,3.524,2.752
3063,3.245,2.752
3064,2.845,2.752
3065,2.502,2.752
3066,2.268,2.752
3067,2.185,2.752
3068,2.248,2.752
3069,2.380,2.757
3070,2.507,2.757
3071,2.546,2.757
3072,2.498,2.757
3073,2.395,2.757
3074,2.292,2.757
3075,2.219,2.757
3076,2.175,2.757
3077,2.146,2.757
3078,2.136,2.757
3079,2.141,2.757
3080,2.136,2.757
3081,2.126,2.757
3082,2.185,2.761
3083,2.556,2.761
3084,3.157,2.761
3085,3.583,2.761
3086,3.627,2.761
3087,3.343,2.761
3088,2.928,2.761
3089,2.546,2.761
3090,2.278,2.761
3091,2.126,2.761
3092,2.111,2.761
3093,2.199,2.766
3094,2.317,2.766
3095,2.390,2.766
3096,2.400,2.766
3097,2.341,2.766
3098,2.248,2.766
3099,2.160,2.766
3100,2.097,2.766
3101,2.067,2.766
3102,2.053,2.766
3103,2.053,2.766
3104,2.048,2.766
3105,2.048,2.766
3106,2.185,2.766
3107,2.664,2.771
3108,3.265,2.771
3109,3.622,2.771
3110,3.578,2.771
3111,3.236,2.771
3112,2.825,2.771
3113,2.488,2.771
3114,2.258,2.771
3115,2.155,2.771
3116,2.199,2.771
3117,2.322,2.771
3118,2.434,2.771
3119,2.478,2.776
3120,2.449,2.776
3121,2.370,2.776
3122,2.273,2.776
3123,2.190,2.776
3124,2.136,2.776
3125,2.102,2.776
3126,2.092,2.776
3127,2.092,2.776
3128,2.092,2.776
3129,2.097,2.776
3130,2.351,2.776
3131,2.942,2.776
3132,3.524,2.781
3133,3.759,2.781
3134,3.592,2.781
3135,3.192,2.781
3136,2.776,2.781
3137,2.454,2.781
3138,2.248,2.781
3139,2.199,2.781
3140,2.283,2.781
3141,2.410,2.781
3142,2.512,2.781
3143,2.532,2.781
3144,2.468,2.781
3145,2.366,2.781
3146,2.263,2.781
3147,2.185,2.781
3148,2.141,2.781
3149,2.121,2.781
3150,2.116,2.781
3151,2.121,2.781
3152,2.116,2.781
3153,2.160,2.781
3154,2.502,2.781
3155,3.152,2.781
3156,3.680,2.781
3157,3.803,2.781
3158,3.475,2.781
3159,3.045,2.781
3160,2.664,2.781
3161,2.380,2.781
3162,2.234,2.781
3163,2.248,2.781
3164,2.356,2.781
3165,2.478,2.781
3166,2.546,2.781
3167,2.527,2.781
3168,2.449,2.786
3169,2.346,2.786
3170,2.258,2.786
3171,2.185,2.786
3172,2.141,2.786
3173,2.121,2.786
3174,2.111,2.786
3175,2.102,2.786
3176,2.111,2.786
3177,2.263,2.786
3178,2.796,2.786
3179,3.460,2.786
3180,3.837,2.786
3181,3.822,2.786
3182,3.543,2.786
3183,3.231,2.786
3184,2.986,2.786
3185,2.776,2.786
3186,2.698,2.786
3187,2.674,2.786
3188,2.649,2.786
3189,2.590,2.786
3190,2.512,2.786
3191,2.454,2.786
3192,2.414,2.786
3193,2.385,2.786
3194,2.341,2.786
3195,2.268,2.786
3196,2.185,2.786
3197,2.116,2.786
3198,2.087,2.791
3199,2.107,2.791
3200,2.297,2.791
3201,2.859,2.791
3202,3.495,2.791
3203,3.822,2.791
3204,3.749,2.791
3205,3.407,2.791
3206,3.016,2.791
3207,2.713,2.791
3208,2.478,2.791
3209,2.346,2.791
3210,2.336,2.791
3211,2.405,2.791
3212,2.473,2.791
3213,2.498,2.791
3214,2.454,2.791
3215,2.351,2.791
3216,2.253,2.791
3217,2.175,2.791
3218,2.141,2.791
3219,2.131,2.791
3220,2.131,2.791
3221,2.121,2.791
3222,2.102,2.796
3223,2.155,2.796
3224,2.542,2.796
3225,3.167,2.796
3226,3.622,2.796
3227,3.646,2.796
3228,3.338,2.796
3229,2.923,2.796
3230,2.561,2.796
3231,2.297,2.796
3232,2.155,2.796
3233,2.160,2.796
3234,2.258,2.796
3235,2.366,2.796
3236,2.429,2.796
3237,2.449,2.796
3238,2.439,2.796
3239,2.395,2.796
3240,2.322,2.796
3241,2.224,2.796
3242,2.131,2.796
3243,2.048,2.796
3244,1.975,2.796
3245,1.955,2.796
3246,2.121,2.796
3247,2.644,2.796
3248,3.245,2.801
3249,3.534,2.801
3250,3.436,2.801
3251,3.084,2.801
3252,2.683,2.801
3253,2.361,2.801
3254,2.146,2.801
3255,2.072,2.801
3256,2.136,2.801
3257,2.268,2.801
3258,2.370,2.801
3259,2.410,2.801
3260,2.375,2.801
3261,2.302,2.801
3262,2.204,2.801
3263,2.126,2.801
3264,2.082,2.801
3265,2.058,2.801
3266,2.058,2.801
3267,2.067,2.801
3268,2.165,2.796
3269,2.581,2.796
3270,3.177,2.796
3271,3.553,2.796
3272,3.509,2.796
3273,3.182,2.796
3274,2.796,2.796
3275,2.473,2.796
3276,2.234,2.796
3277,2.141,2.796
3278,2.209,2.796
3279,2.351,2.796
3280,2.522,2.796
3281,2.644,2.796
3282,2.688,2.796
3283,2.659,2.796
3284,2.561,2.796
3285,2.419,2.796
3286,2.283,2.791
3287,2.175,2.791
3288,2.097,2.791
3289,2.038,2.791
3290,2.028,2.791
3291,2.302,2.791
3292,2.898,2.791
3293,3.431,2.791
3294,3.592,2.791
3295,3.397,2.791
3296,3.021,2.791
3297,2.649,2.791
3298,2.380,2.791
3299,2.199,2.791
3300,2.160,2.791
3301,2.253,2.791
3302,2.366,2.791
3303,2.444,2.791
3304,2.444,2.791
3305,2.380,2.791
3306,2.283,2.791
3307,2.180,2.791
3308,2.107,2.791
3309,2.077,2.791
3310,2.063,2.791
3311,2.195,2.791
3312,2.659,2.791
3313,3.289,2.791
3314,3.671,2.791
3315,3.651,2.791
3316,3.333,2.791
3317,2.918,2.791
3318,2.581,2.791
3319,2.336,2.791
3320,2.219,2.791
3321,2.239,2.791
3322,2.331,2.791
3323,2.419,2.791
3324,2.449,2.791
3325,2.410,2.791
3326,2.331,2.791
3327,2.243,2.791
3328,2.170,2.791
3329,2.111,2.791
3330,2.092,2.791
3331,2.087,2.791
3332,2.092,2.791
3333,2.092,2.791
3334,2.121,2.791
3335,2.356,2.791
3336,2.923,2.791
3337,3.485,2.791
3338,3.710,2.791
3339,3.543,2.791
3340,3.157,2.791
3341,2.766,2.791
3342,2.473,2.791
3343,2.287,2.791
3344,2.239,2.791
3345,2.297,2.791
3346,2.395,2.791
3347,2.473,2.791
3348,2.478,2.791
3349,2.419,2.791
3350,2.331,2.796
3351,2.234,2.796
3352,2.155,2.796
3353,2.102,2.796
3354,2.097,2.796
3355,2.102,2.796
3356,2.097,2.796
3357,2.092,2.796
3358,2.092,2.796
3359,2.234,2.796
3360,2.732,2.796
3361,3.368,2.796
3362,3.724,2.796
3363,3.666,2.796
3364,3.324,2.796
3365,2.903,2.796
3366,2.571,2.796
3367,2.336,2.796
3368,2.234,2.796
3369,2.268,2.796
3370,2.380,2.796
3371,2.473,2.801
3372,2.498,2.796
3373,2.449,2.796
3374,2.351,2.801
3375,2.258,2.801
3376,2.175,2.801
3377,2.111,2.801
3378,2.072,2.801
3379,2.048,2.801
3380,2.033,2.801
3381,2.014,2.801
3382,1.984,2.801
3383,1.945,2.801
3384,1.984,2.801
3385,2.361,2.801
3386,3.148,2.801
3387,3.636,2.801
3388,3.690,2.801
3389,3.412,2.801
3390,3.025,2.801
3391,2.688,2.801
3392,2.439,2.801
3393,2.302,2.801
3394,2.307,2.801
3395,2.405,2.801
3396,2.498,2.801
3397,2.537,2.801
3398,2.512,2.801
3399,2.439,2.801
3400,2.341,2.801
3401,2.248,2.801
3402,2.185,2.805
3403,2.151,2.801
3404,2.141,2.805
3405,2.131,2.805
3406,2.131,2.805
3407,2.185,2.805
3408,2.532,2.805
3409,3.128,2.805
3410,3.583,2.805
3411,3.666,2.805
3412,3.412,2.805
3413,3.021,2.805
3414,2.630,2.805
3415,2.356,2.805
3416,2.219,2.805
3417,2.229,2.805
3418,2.331,2.805
3419,2.444,2.805
3420,2.488,2.805
3421,2.454,2.805
3422,2.366,2.805
3423,2.263,2.805
3424,2.175,2.805
3425,2.116,2.805
3426,2.087,2.805
3427,2.082,2.805
3428,2.087,2.805
3429,2.082,2.805
3430,2.077,2.805
3431,2.234,2.805
3432,2.771,2.805
3433,3.426,2.805
3434,3.783,2.805
3435,3.710,2.810
3436,3.353,2.810
3437,2.869,2.805
3438,2.556,2.805
3439,2.336,2.810
3440,2.248,2.810
3441,2.278,2.810
3442,2.380,2.810
3443,2.478,2.810
3444,2.498,2.810
3445,2.439,2.810
3446,2.336,2.810
3447,2.239,2.810
3448,2.155,2.810
3449,2.102,2.810
3450,2.087,2.810
3451,2.087,2.810
3452,2.092,2.810
3453,2.097,2.810
3454,2.097,2.810
3455,2.195,2.810
3456,2.644,2.810
3457,3.304,2.810
3458,3.754,2.810
3459,3.783,2.810
3460,3.456,2.810
3461,3.030,2.810
3462,2.669,2.810
3463,2.414,2.810
3464,2.268,2.810
3465,2.258,2.810
3466,2.341,2.810
3467,2.444,2.810
3468,2.493,2.810
3469,2.478,2.810
3470,2.400,2.810
3471,2.287,2.810
3472,2.190,2.810
3473,2.121,2.810
3474,2.087,2.810
3475,2.077,2.810
3476,2.087,2.805
3477,2.097,2.805
3478,2.097,2.805
3479,2.111,2.805
3480,2.361,2.805
3481,2.977,2.805
3482,3.573,2.805
3483,3.788,2.805
3484,3.592,2.805
3485,3.167,2.805
3486,2.757,2.805
3487,2.454,2.805
3488,2.273,2.801
3489,2.234,2.801
3490,2.322,2.801
3491,2.449,2.801
3492,2.522,2.801
3493,2.512,2.801
3494,2.444,2.801
3495,2.336,2.796
3496,2.239,2.796
3497,2.170,2.796
3498,2.131,2.796
3499,2.121,2.796
3500,2.121,2.796
3501,2.116,2.791
3502,2.121,2.791
3503,2.268,2.791
3504,2.771,2.791
3505,3.368,2.791
3506,3.675,2.791
3507,3.583,2.791
3508,3.231,2.786
3509,2.835,2.786
3510,2.507,2.786
3511,2.278,2.786
3512,2.185,2.786
3513,2.234,2.786
3514,2.351,2.786
3515,2.454,2.786
3516,2.478,2.781
3517,2.429,2.781
3518,2.336,2.781
3519,2.234,2.781
3520,2.151,2.781
3521,2.097,2.781
3522,2.072,2.781
3523,2.067,2.776
3524,2.072,2.776
3525,2.082,2.776
3526,2.097,2.776
3527,2.317,2.776
3528,2.962,2.776
3529,3.529,2.776
3530,3.734,2.776
3531,3.553,2.776
3532,3.157,2.776
3533,2.761,2.776
3534,2.454,2.776
3535,2.258,2.776
3536,2.199,2.776
3537,2.258,2.776
3538,2.366,2.776
3539,2.454,2.776
3540,2.458,2.776
3541,2.390,2.771
3542,2.292,2.771
3543,2.195,2.771
3544,2.116,2.771
3545,2.072,2.771
3546,2.058,2.771
3547,2.053,2.771
3548,2.053,2.771
3549,2.058,2.771
3550,2.121,2.771
3551,2.473,2.771
3552,3.079,2.771
3553,3.524,2.771
3554,3.573,2.771
3555,3.284,2.771
3556,2.874,2.771
3557,2.478,2.766
3558,2.253,2.766
3559,2.160,2.766
3560,2.204,2.771
3561,2.336,2.771
3562,2.493,2.781
3563,2.561,2.786
3564,2.507,2.796
3565,2.395,2.801
3566,2.263,2.805
3567,2.185,2.810
3568,2.141,2.810
3569,2.141,2.815
3570,2.146,2.815
3571,2.146,2.815
3572,2.151,2.820
3573,2.370,2.820
3574,2.923,2.820
3575,3.456,2.825
3576,3.641,2.825
3577,3.451,2.825
3578,3.084,2.825
3579,2.747,2.825
3580,2.498,2.825
3581,2.326,2.830
3582,2.268,2.835
3583,2.317,2.835
3584,2.405,2.835
3585,2.463,2.840
3586,2.449,2.840
3587,2.370,2.845
3588,2.278,2.845
3589,2.195,2.849
3590,2.121,2.849
3591,2.063,2.849
3592,2.023,2.854
3593,1.994,2.849
3594,1.984,2.849
3595,2.160,2.849
3596,2.693,2.845
3597,3.294,2.845
3598,3.558,2.845
3599,3.421,2.845
3600,3.055,2.845
3601,2.664,2.845
3602,2.366,2.845
3603,2.180,2.845
3604,2.111,2.845
3605,2.180,2.845
3606,2.302,2.849
3607,2.400,2.849
3608,2.414,2.849
3609,2.356,2.849
3610,2.268,2.849
3611,2.190,2.849
3612,2.141,2.849
3613,2.126,2.849
3614,2.121,2.849
3615,2.126,2.849
3616,2.234,2.854
3617,2.708,2.849
3618,3.343,2.854
3619,3.715,2.854
3620,3.671,2.854
3621,3.338,2.854
3622,2.923,2.849
3623,2.581,2.849
3624,2.331,2.849
3625,2.204,2.849
3626,2.214,2.849
3627,2.312,2.849
3628,2.405,2.849
3629,2.434,2.845
3630,2.405,2.845
3631,2.336,2.845
3632,2.243,2.845
3633,2.165,2.840
3634,2.116,2.840
3635,2.082,2.840
3636,2.063,2.835
3637,2.126,2.835
3638,2.517,2.835
3639,3.167,2.835
3640,3.646,2.830
3641,3.710,2.830
3642,3.387,2.825
3643,2.962,2.820
3644,2.615,2.820
3645,2.370,2.815
3646,2.229,2.815
3647,2.204,2.810
3648,2.273,2.810
3649,2.366,2.805
3650,2.419,2.805
3651,2.405,2.801
3652,2.336,2.801
3653,2.243,2.796
3654,2.155,2.796
3655,2.097,2.796
3656,2.072,2.791
3657,2.048,2.791
3658,2.053,2.791
3659,2.258,2.786
3660,2.864,2.786
3661,3.529,2.781
3662,3.837,2.781
3663,3.715,2.781
3664,3.314,2.781
3665,2.874,2.776
3666,2.532,2.776
3667,2.287,2.776
3668,2.165,2.771
3669,2.175,2.771
3670,2.287,2.766
3671,2.380,2.766
3672,2.405,2.761
3673,2.356,2.761
3674,2.263,2.761
3675,2.165,2.757
3676,2.087,2.757
3677,2.043,2.757
3678,2.033,2.752
3679,2.028,2.752
3680,2.058,2.752
3681,2.346,2.747
3682,3.001,2.747
3683,3.607,2.747
3684,3.822,2.742
3685,3.631,2.742
3686,3.201,2.742
3687,2.786,2.742
3688,2.419,2.737
3689,2.229,2.737
3690,2.146,2.737
3691,2.190,2.737
3692,2.287,2.732
3693,2.366,2.732
3694,2.370,2.732
3695,2.317,2.732
3696,2.229,2.727
3697,2.131,2.727
3698,2.058,2.722
3699,1.999,2.717
3700,1.999,2.717
3701,2.009,2.713
3702,2.023,2.708
3703,2.278,2.708
3704,3.001,2.703
3705,3.700,2.703
3706,3.900,2.703
3707,3.612,2.703
3708,3.133,2.698
3709,2.727,2.698
3710,2.439,2.698
3711,2.273,2.698
3712,2.263,2.698
3713,2.326,2.693
3714,2.375,2.693
3715,2.341,2.693
3716,2.258,2.693
3717,2.160,2.688
3718,2.077,2.688
3719,2.023,2.688
3720,2.009,2.688
3721,2.014,2.683
3722,2.014,2.683
3723,2.033,2.683
3724,2.346,2.678
3725,3.069,2.678
3726,3.666,2.678
3727,3.710,2.678
3728,3.304,2.678
3729,2.713,2.678
3730,2.356,2.678
3731,2.146,2.678
3732,2.097,2.678
3733,2.175,2.678
3734,2.297,2.674
3735,2.356,2.674
3736,2.331,2.674
3737,2.258,2.674
3738,2.170,2.669
3739,2.092,2.669
3740,2.033,2.669
3741,2.009,2.664
3742,2.009,2.664
3743,2.014,2.664
3744,2.023,2.664
3745,2.312,2.659
3746,3.025,2.659
3747,3.656,2.659
3748,3.763,2.659
3749,3.397,2.659
3750,2.869,2.659
3751,2.439,2.659
3752,2.170,2.654
3753,2.063,2.654
3754,2.116,2.654
3755,2.229,2.654
3756,2.341,2.654
3757,2.346,2.654
3758,2.292,2.654
3759,2.195,2.654
3760,2.107,2.654
3761,2.058,2.654
3762,2.038,2.654
3763,2.028,2.659
3764,2.033,2.659
3765,2.038,2.659
3766,2.121,2.659
3767,2.615,2.659
3768,3.353,2.659
3769,3.749,2.659
3770,3.622,2.659
3771,3.152,2.659
3772,2.659,2.664
3773,2.322,2.664
3774,2.146,2.664
3775,2.146,2.664
3776,2.263,2.664
3777,2.385,2.664
3778,2.429,2.664
3779,2.380,2.664
3780,2.263,2.664
3781,2.160,2.664
3782,2.087,2.664
3783,2.048,2.664
3784,2.033,2.664
3785,2.033,2.664
3786,2.038,2.664
3787,2.160,2.659
3788,2.698,2.659
3789,3.407,2.659
3790,3.734,2.659
3791,3.553,2.659
3792,3.074,2.659
3793,2.610,2.659
3794,2.292,2.659
3795,2.151,2.654
3796,2.180,2.654
3797,2.322,2.654
3798,2.458,2.654
3799,2.498,2.654
3800,2.439,2.649
3801,2.322,2.649
3802,2.199,2.649
3803,2.111,2.649
3804,2.087,2.644
3805,2.082,2.644
3806,2.077,2.644
3807,2.092,2.644
3808,2.380,2.644
3809,3.069,2.639
3810,3.631,2.639
3811,3.724,2.639
3812,3.377,2.639
3813,2.146,2.634
3814,2.097,2.634
3815,2.175,2.634
3816,2.287,2.634
3817,2.351,2.634
3818,2.326,2.634
3819,2.258,2.634
3820,2.185,2.630
3821,2.116,2.630
3822,2.072,2.630
3823,2.048,2.630
3824,2.043,2.630
3825,2.028,2.630
3826,2.058,2.630
3827,2.458,2.630
3828,3.236,2.630
3829,3.803,2.630
3830,3.817,2.630
3831,3.387,2.630
3832,2.864,2.630
3833,2.463,2.630
3834,2.234,2.630
3835,2.180,2.630
3836,2.273,2.630
3837,2.414,2.630
3838,2.498,2.630
3839,2.483,2.630
3840,2.385,2.630
3841,2.243,2.630
3842,2.155,2.630
3843,2.102,2.630
3844,2.082,2.630
3845,2.067,2.630
3846,2.082,2.634
3847,2.361,2.634
3848,3.060,2.634
3849,3.685,2.634
3850,3.842,2.639
3851,3.514,2.639
3852,2.996,2.639
3853,2.551,2.639
3854,2.248,2.639
3855,2.107,2.644
3856,2.170,2.644
3857,2.297,2.644
3858,2.395,2.644
3859,2.419,2.644
3860,2.366,2.649
3861,2.263,2.649
3862,2.160,2.649
3863,2.097,2.649
3864,2.058,2.649
3865,2.053,2.654
3866,2.053,2.654
3867,2.067,2.654
3868,2.380,2.654
3869,3.148,2.659
3870,3.847,2.659
3871,3.900,2.659
3872,3.470,2.659
3873,2.903,2.659
3874,2.463,2.664
3875,2.204,2.664
3876,2.116,2.664
3877,2.180,2.664
3878,2.341,2.669
3879,2.493,2.669
3880,2.551,2.669
3881,2.512,2.669
3882,2.410,2.669
3883,2.283,2.674
3884,2.175,2.674
3885,2.121,2.674
3886,2.097,2.674
3887,2.092,2.674
3888,2.151,2.678
3889,2.610,2.678
3890,3.377,2.678
3891,3.866,2.678
3892,3.807,2.678
3893,3.353,2.678
3894,2.840,2.683
3895,2.458,2.683
3896,2.234,2.683
3897,2.185,2.683
3898,2.297,2.683
3899,2.444,2.683
3900,2.502,2.688
3901,2.449,2.688
3902,2.317,2.688
3903,2.180,2.688
3904,2.082,2.688
3905,2.033,2.688
3906,2.014,2.688
3907,2.009,2.693
3908,2.009,2.693
3909,2.033,2.693
3910,2.341,2.693
3911,3.099,2.693
3912,3.768,2.698
3913,3.900,2.698
3914,3.529,2.698
3915,2.962,2.698
3916,2.493,2.698
3917,2.199,2.698
3918,2.082,2.698
3919,2.131,2.698
3920,2.253,2.703
3921,2.356,2.703
3922,2.380,2.703
3923,2.331,2.703
3924,2.243,2.703
3925,2.151,2.703
3926,2.082,2.703
3927,2.043,2.703
3928,2.023,2.703
3929,2.014,2.708
3930,1.994,2.708
3931,2.048,2.708
3932,2.502,2.708
3933,3.314,2.708
3934,3.871,2.708
3935,3.822,2.708
3936,3.343,2.708
3937,2.786,2.708
3938,2.361,2.708
3939,2.092,2.708
3940,2.082,2.708
3941,2.199,2.708
3942,2.336,2.708
3943,2.414,2.708
3944,2.390,2.708
3945,2.312,2.708
3946,2.204,2.708
3947,2.126,2.708
3948,2.067,2.708
3949,2.048,2.708
3950,2.033,2.713
3951,2.023,2.713
3952,2.097,2.713
3953,2.590,2.713
3954,3.353,2.713
3955,3.793,2.713
3956,3.592,2.713
3957,3.084,2.713
3958,2.590,2.713
3959,2.243,2.713
3960,2.072,2.713
3961,2.077,2.713
3962,2.195,2.713
3963,2.331,2.717
3964,2.395,2.717
3965,2.366,2.717
3966,2.468,2.717
3967,2.322,2.717
3968,2.058,2.717
3969,1.935,2.717
3970,1.926,2.717
3971,1.965,2.717
3972,2.077,2.717
3973,2.546,2.717
3974,3.260,2.717
3975,3.715,2.717
3976,3.602,2.717
3977,3.123,2.722
3978,2.586,2.722
3979,2.199,2.722
3980,1.999,2.722
3981,2.023,2.722
3982,2.175,2.722
3983,2.341,2.722
3984,2.400,2.722
3985,2.366,2.722
3986,2.283,2.722
3987,2.185,2.722
3988,2.121,2.722
3989,2.087,2.722
3990,2.072,2.722
3991,2.087,2.722
3992,2.356,2.727
3993,3.011,2.727
3994,3.563,2.727
3995,3.627,2.727
3996,3.270,2.727
3997,2.776,2.727
3998,2.356,2.727
3999,2.092,2.727
4000,2.038,2.727
4001,2.160,2.727
4002,2.331,2.727
4003,2.444,2.727
4004,2.449,2.732
4005,2.361,2.732
4006,2.263,2.732
4007,2.180,2.732
4008,2.121,2.732
4009,2.087,2.732
4010,2.082,2.732
4011,2.326,2.732
4012,3.123,2.732
4013,3.666,2.732
4014,3.715,2.732
4015,3.343,2.732
4016,2.840,2.732
4017,2.434,2.732
4018,2.180,2.732
4019,2.111,2.732
4020,2.219,2.732
4021,2.385,2.732
4022,2.493,2.732
4023,2.493,2.732
4024,2.419,2.732
4025,2.312,2.732
4026,2.234,2.732
4027,2.185,2.732
4028,2.170,2.732
4029,2.165,2.732
4030,2.302,2.732
4031,2.898,2.732
4032,3.636,2.732
4033,3.954,2.732
4034,3.749,2.732
4035,3.275,2.732
4036,2.820,2.732
4037,2.473,2.732
4038,2.273,2.732
4039,2.263,2.732
4040,2.400,2.732
4041,2.532,2.727
4042,2.581,2.727
4043,2.532,2.727
4044,2.414,2.727
4045,2.302,2.727
4046,2.229,2.727
4047,2.190,2.727
4048,2.175,2.727
4049,2.165,2.727
4050,2.400,2.727
4051,3.079,2.727
4052,3.724,2.727
4053,3.891,2.727
4054,3.587,2.727
4055,3.118,2.727
4056,2.717,2.727
4057,2.419,2.727
4058,2.273,2.727
4059,2.307,2.727
4060,2.434,2.727
4061,2.546,2.727
4062,2.551,2.727
4063,2.483,2.727
4064,2.385,2.727
4065,2.268,2.727
4066,2.214,2.722
4067,2.185,2.727
4068,2.175,2.727
4069,2.380,2.727
4070,3.021,2.722
4071,3.675,2.722
4072,3.900,2.722
4073,3.656,2.727
4074,3.182,2.722
4075,2.732,2.722
4076,2.375,2.722
4077,2.190,2.722
4078,2.209,2.722
4079,2.351,2.722
4080,2.483,2.722
4081,2.522,2.722
4082,2.458,2.722
4083,2.341,2.722
4084,2.219,2.722
4085,2.136,2.722
4086,2.087,2.722
4087,2.072,2.722
4088,2.097,2.722
4089,2.429,2.722
4090,3.162,2.722
4091,3.734,2.722
4092,3.827,2.722
4093,3.490,2.722
4094,3.016,2.722
4095,2.630,2.722
4096,2.336,2.722
4097,2.160,2.722
4098,2.155,2.722
4099,2.253,2.722
4100,2.346,2.722
4101,2.366,2.722
4102,2.312,2.722
4103,2.219,2.722
4104,2.131,2.717
4105,2.063,2.717
4106,2.038,2.717
4107,2.043,2.717
4108,2.048,2.717
4109,2.092,2.717
4110,2.463,2.717
4111,3.231,2.717
4112,3.798,2.717
4113,3.832,2.717
4114,3.470,2.717
4115,3.001,2.717
4116,2.620,2.717
4117,2.341,2.717
4118,2.126,2.717
4119,2.111,2.717
4120,2.243,2.717
4121,2.380,2.717
4122,2.434,2.717
4123,2.385,2.717
4124,2.287,2.717
4125,2.180,2.717
4126,2.097,2.717
4127,2.067,2.713
4128,2.058,2.713
4129,2.058,2.713
4130,2.263,2.713
4131,2.879,2.717
4132,3.568,2.717
4133,3.803,2.717
4134,3.631,2.717
4135,3.172,2.717
4136,2.537,2.717
4137,2.180,2.717
4138,2.038,2.717
4139,2.077,2.717
4140,2.209,2.717
4141,2.331,2.717
4142,2.375,2.717
4143,2.326,2.717
4144,2.239,2.717
4145,2.146,2.717
4146,2.077,2.717
4147,2.048,2.717
4148,2.043,2.717
4149,2.038,2.717
4150,2.160,2.717
4151,2.483,2.717
4152,3.079,2.717
4153,3.587,2.717
4154,3.592,2.717
4155,3.314,2.717
4156,2.933,2.717
4157,2.615,2.717
4158,2.405,2.717
4159,2.253,2.717
4160,2.204,2.717
4161,2.243,2.722
4162,2.322,2.722
4163,2.351,2.722
4164,2.317,2.722
4165,2.239,2.722
4166,2.151,2.722
4167,2.077,2.722
4168,2.033,2.722
4169,2.023,2.722
4170,2.038,2.722
4171,2.043,2.722
4172,2.033,2.722
4173,2.146,2.722
4174,2.683,2.722
4175,3.426,2.727
4176,3.807,2.727
4177,3.661,2.727
4178,3.206,2.727
4179,2.757,2.727
4180,2.444,2.727
4181,2.248,2.727
4182,2.155,2.727
4183,2.219,2.727
4184,2.331,2.727
4185,2.400,2.727
4186,2.380,2.727
4187,2.302,2.727
4188,2.214,2.727
4189,2.155,2.727
4190,2.146,2.727
4191,2.131,2.727
4192,2.136,2.727
4193,2.488,2.727
4194,3.192,2.727
4195,3.729,2.727
4196,3.744,2.727
4197,3.358,2.722
4198,2.893,2.722
4199,2.556,2.722
4200,2.317,2.722
4201,2.209,2.722
4202,2.258,2.722
4203,2.361,2.717
4204,2.439,2.717
4205,2.429,2.717
4206,2.356,2.717
4207,2.248,2.717
4208,2.151,2.713
4209,2.097,2.713
4210,2.087,2.713
4211,2.102,2.713
